Word,Grade,Category
add,1,Verb
alive,1,Adjective
angry,1,Adjective
animal,1,Noun
answer,1,Verb
ant,1,Noun
apple,1,Noun
arm,1,Noun
ask,1,Verb
asleep,1,Adjective
aunt,1,Noun
awake,1,Adjective
baby,1,Noun
back,1,Noun
backpack,1,Noun
bad,1,Adjective
bag,1,Noun
bake,1,Verb
baker,1,Noun
ball,1,Noun
balloon,1,Noun
banana,1,Noun
basket,1,Noun
bathroom,1,Noun
beach,1,Noun
bean,1,Noun
bear,1,Noun
beautiful,1,Adjective
bed,1,Noun
bedroom,1,Noun
bee,1,Noun
begin,1,Verb
bell,1,Noun
belly,1,Noun
bend,1,Verb
berry,1,Noun
big,1,Adjective
bike,1,Noun
bird,1,Noun
birthday,1,Noun
bite,1,Verb
black,1,Adjective
blanket,1,Noun
blink,1,Verb
block,1,Noun
blood,1,Noun
blow,1,Verb
blue,1,Adjective
board,1,Noun
boat,1,Noun
bone,1,Noun
book,1,Noun
boot,1,Noun
bottle,1,Noun
bounce,1,Verb
bowl,1,Noun
box,1,Noun
boy,1,Noun
brain,1,Noun
brave,1,Adjective
bread,1,Noun
break,1,Verb
breakfast,1,Noun
breathe,1,Verb
bridge,1,Noun
bright,1,Adjective
bring,1,Verb
broken,1,Adjective
broom,1,Noun
brother,1,Noun
brown,1,Adjective
brush,1,Noun
bubble,1,Noun
bucket,1,Noun
build,1,Verb
burn,1,Verb
bus,1,Noun
busy,1,Adjective
butter,1,Noun
butterfly,1,Noun
buy,1,Verb
cake,1,Noun
call,1,Verb
camera,1,Noun
candy,1,Noun
cap,1,Noun
car,1,Noun
card,1,Noun
carrot,1,Noun
carry,1,Verb
cat,1,Noun
catch,1,Verb
cereal,1,Noun
chair,1,Noun
chase,1,Verb
cheek,1,Noun
cheese,1,Noun
cherry,1,Noun
chest,1,Noun
chew,1,Verb
chicken,1,Noun
child,1,Noun
chin,1,Noun
chocolate,1,Noun
city,1,Noun
clap,1,Verb
class,1,Noun
clean,1,Verb
climb,1,Verb
clock,1,Noun
close,1,Verb
closed,1,Adjective
clothes,1,Noun
cloud,1,Noun
cloudy,1,Adjective
coat,1,Noun
coin,1,Noun
cold,1,Adjective
color,1,Verb
comb,1,Noun
come,1,Verb
cook,1,Verb
cookie,1,Noun
cool,1,Adjective
corn,1,Noun
couch,1,Noun
cough,1,Verb
count,1,Verb
cousin,1,Noun
cow,1,Noun
crawl,1,Verb
crayon,1,Noun
cry,1,Verb
cup,1,Noun
curly,1,Adjective
cut,1,Verb
cute,1,Adjective
dad,1,Noun
dance,1,Verb
dark,1,Adjective
daughter,1,Noun
day,1,Noun
dead,1,Adjective
deep,1,Adjective
deer,1,Noun
desk,1,Noun
different,1,Adjective
dig,1,Verb
dinner,1,Noun
dirt,1,Noun
dirty,1,Adjective
doctor,1,Noun
dog,1,Noun
doll,1,Noun
dolphin,1,Noun
door,1,Noun
draw,1,Verb
dress,1,Noun
drink,1,Noun
drip,1,Verb
drive,1,Verb
drop,1,Verb
dry,1,Adjective
duck,1,Noun
dull,1,Adjective
eagle,1,Noun
ear,1,Noun
earth,1,Noun
easy,1,Adjective
eat,1,Verb
egg,1,Noun
elbow,1,Noun
elephant,1,Noun
empty,1,Adjective
end,1,Verb
enter,1,Verb
eye,1,Noun
face,1,Noun
fake,1,Adjective
fall,1,Verb
family,1,Noun
far,1,Adjective
farm,1,Noun
farmer,1,Noun
fast,1,Adjective
fat,1,Adjective
father,1,Noun
feed,1,Verb
feel,1,Verb
fence,1,Noun
fill,1,Verb
find,1,Verb
finger,1,Noun
finish,1,Verb
fire,1,Noun
fish,1,Noun
fix,1,Verb
flag,1,Noun
flat,1,Adjective
float,1,Verb
floor,1,Noun
flower,1,Noun
fluffy,1,Adjective
fly,1,Verb
fold,1,Verb
follow,1,Verb
foot,1,Noun
forest,1,Noun
forget,1,Verb
fork,1,Noun
fox,1,Noun
free,1,Adjective
freeze,1,Verb
fresh,1,Adjective
friend,1,Noun
frog,1,Noun
fruit,1,Noun
full,1,Adjective
fun,1,Adjective
funny,1,Adjective
fuzzy,1,Adjective
game,1,Noun
garage,1,Noun
garden,1,Noun
gate,1,Noun
gather,1,Verb
get,1,Verb
gift,1,Noun
giggle,1,Verb
giraffe,1,Noun
girl,1,Noun
give,1,Verb
glass,1,Noun
glove,1,Noun
glue,1,Noun
go,1,Verb
goat,1,Noun
good,1,Adjective
grandma,1,Noun
grandpa,1,Noun
grape,1,Noun
grass,1,Noun
gray,1,Adjective
green,1,Adjective
grin,1,Verb
ground,1,Noun
grow,1,Verb
hair,1,Noun
hairy,1,Adjective
hammer,1,Noun
hand,1,Noun
hang,1,Verb
happy,1,Adjective
hard,1,Adjective
hat,1,Noun
hate,1,Verb
head,1,Noun
healthy,1,Adjective
hear,1,Verb
heart,1,Noun
heavy,1,Adjective
help,1,Verb
hen,1,Noun
hero,1,Noun
hide,1,Verb
high,1,Adjective
hill,1,Noun
hit,1,Verb
hold,1,Verb
holiday,1,Noun
home,1,Noun
honey,1,Noun
hop,1,Verb
hope,1,Verb
horse,1,Noun
hot,1,Adjective
hour,1,Noun
house,1,Noun
hug,1,Verb
hum,1,Verb
hungry,1,Adjective
hurry,1,Verb
ice,1,Noun
icy,1,Adjective
jacket,1,Noun
jam,1,Noun
jar,1,Noun
jet,1,Noun
juice,1,Noun
jump,1,Verb
keep,1,Verb
key,1,Noun
kick,1,Verb
kid,1,Noun
kind,1,Adjective
king,1,Noun
kiss,1,Verb
kitchen,1,Noun
kite,1,Noun
kitten,1,Noun
knee,1,Noun
kneel,1,Verb
knife,1,Noun
knock,1,Verb
know,1,Verb
lake,1,Noun
lamp,1,Noun
laugh,1,Verb
lazy,1,Adjective
lead,1,Verb
leaf,1,Noun
learn,1,Verb
leave,1,Verb
leg,1,Noun
lemon,1,Noun
lesson,1,Noun
letter,1,Noun
library,1,Noun
lick,1,Verb
lift,1,Verb
light,1,Adjective
like,1,Verb
lion,1,Noun
lip,1,Noun
listen,1,Verb
little,1,Adjective
live,1,Verb
lock,1,Verb
long,1,Adjective
look,1,Verb
lose,1,Verb
lost,1,Adjective
loud,1,Adjective
love,1,Verb
low,1,Adjective
lunch,1,Noun
mad,1,Adjective
make,1,Verb
man,1,Noun
map,1,Noun
march,1,Verb
marker,1,Noun
market,1,Noun
meal,1,Noun
mean,1,Adjective
meat,1,Noun
melon,1,Noun
melt,1,Verb
milk,1,Noun
mirror,1,Noun
mix,1,Verb
mom,1,Noun
money,1,Noun
monkey,1,Noun
moon,1,Noun
morning,1,Noun
mother,1,Noun
mountain,1,Noun
mouse,1,Noun
mouth,1,Noun
move,1,Verb
mud,1,Noun
nail,1,Noun
name,1,Noun
napkin,1,Noun
narrow,1,Adjective
near,1,Adjective
neck,1,Noun
need,1,Verb
neighbor,1,Noun
new,1,Adjective
nice,1,Adjective
night,1,Noun
nod,1,Verb
nose,1,Noun
number,1,Noun
nurse,1,Noun
ocean,1,Noun
old,1,Adjective
onion,1,Noun
open,1,Verb
orange,1,Noun
owl,1,Noun
page,1,Noun
paint,1,Verb
pan,1,Noun
pancake,1,Noun
pants,1,Noun
paper,1,Noun
parent,1,Noun
park,1,Noun
party,1,Noun
pay,1,Verb
pea,1,Noun
peach,1,Noun
pear,1,Noun
peel,1,Verb
pen,1,Noun
pencil,1,Noun
penguin,1,Noun
people,1,Noun
person,1,Noun
pet,1,Noun
phone,1,Noun
pick,1,Verb
pie,1,Noun
pig,1,Noun
pillow,1,Noun
pink,1,Adjective
pizza,1,Noun
plane,1,Noun
plant,1,Noun
plate,1,Noun
play,1,Verb
pocket,1,Noun
point,1,Verb
pond,1,Noun
pony,1,Noun
popcorn,1,Noun
pot,1,Noun
potato,1,Noun
pour,1,Verb
pretty,1,Adjective
prince,1,Noun
princess,1,Noun
pull,1,Verb
puppy,1,Noun
purple,1,Adjective
push,1,Verb
puzzle,1,Noun
queen,1,Noun
quiet,1,Adjective
rabbit,1,Noun
race,1,Verb
radio,1,Noun
rain,1,Noun
rainbow,1,Noun
rainy,1,Adjective
read,1,Verb
ready,1,Adjective
real,1,Adjective
red,1,Adjective
remember,1,Verb
rest,1,Verb
rice,1,Noun
ride,1,Verb
ring,1,Verb
river,1,Noun
road,1,Noun
rock,1,Noun
rocket,1,Noun
roll,1,Verb
roof,1,Noun
room,1,Noun
rope,1,Noun
rough,1,Adjective
round,1,Adjective
rug,1,Noun
ruler,1,Noun
run,1,Verb
rush,1,Verb
sad,1,Adjective
sail,1,Verb
salt,1,Noun
salty,1,Adjective
same,1,Adjective
sand,1,Noun
sandwich,1,Noun
say,1,Verb
scared,1,Adjective
scarf,1,Noun
scatter,1,Verb
school,1,Noun
scissors,1,Noun
scream,1,Verb
scrub,1,Verb
sea,1,Noun
see,1,Verb
seed,1,Noun
sell,1,Verb
send,1,Verb
shake,1,Verb
shallow,1,Adjective
share,1,Verb
shark,1,Noun
sharp,1,Adjective
sheep,1,Noun
shiny,1,Adjective
ship,1,Noun
shirt,1,Noun
shoe,1,Noun
shop,1,Noun
short,1,Adjective
shoulder,1,Noun
shout,1,Verb
shut,1,Adjective
shy,1,Adjective
sick,1,Adjective
silly,1,Adjective
sing,1,Verb
sink,1,Verb
sip,1,Verb
sister,1,Noun
sit,1,Verb
skin,1,Noun
skip,1,Verb
skirt,1,Noun
sky,1,Noun
sleep,1,Verb
sleepy,1,Adjective
slide,1,Noun
slip,1,Verb
slippery,1,Adjective
slow,1,Adjective
small,1,Adjective
smart,1,Adjective
smell,1,Verb
smile,1,Verb
smooth,1,Adjective
snack,1,Noun
snail,1,Noun
snake,1,Noun
snap,1,Verb
sneeze,1,Verb
sniff,1,Verb
snow,1,Noun
snowy,1,Adjective
soap,1,Noun
sob,1,Verb
sock,1,Noun
soft,1,Adjective
son,1,Noun
soup,1,Noun
sour,1,Adjective
speak,1,Verb
spicy,1,Adjective
spider,1,Noun
spin,1,Verb
splash,1,Verb
spoon,1,Noun
square,1,Adjective
squirrel,1,Noun
stairs,1,Noun
stand,1,Verb
star,1,Noun
stare,1,Verb
start,1,Verb
stay,1,Verb
sticky,1,Adjective
stir,1,Verb
stone,1,Noun
stop,1,Verb
store,1,Noun
story,1,Noun
straight,1,Adjective
strawberry,1,Noun
street,1,Noun
stretch,1,Verb
string,1,Noun
strong,1,Adjective
student,1,Noun
sugar,1,Noun
summer,1,Noun
sun,1,Noun
sunny,1,Adjective
swallow,1,Verb
sweater,1,Noun
sweep,1,Verb
sweet,1,Adjective
swim,1,Verb
swing,1,Noun
table,1,Noun
take,1,Verb
talk,1,Verb
tall,1,Adjective
tame,1,Adjective
tape,1,Noun
taste,1,Verb
tasty,1,Adjective
teach,1,Verb
teacher,1,Noun
tell,1,Verb
thick,1,Adjective
thin,1,Adjective
think,1,Verb
thirsty,1,Adjective
throw,1,Verb
thumb,1,Noun
tie,1,Verb
tiger,1,Noun
time,1,Noun
tired,1,Adjective
toe,1,Noun
tomato,1,Noun
tongue,1,Noun
tooth,1,Noun
touch,1,Verb
towel,1,Noun
town,1,Noun
toy,1,Noun
tractor,1,Noun
train,1,Noun
tree,1,Noun
truck,1,Noun
true,1,Adjective
try,1,Verb
turn,1,Verb
turtle,1,Noun
twin,1,Noun
ugly,1,Adjective
uncle,1,Noun
van,1,Noun
visit,1,Verb
wait,1,Verb
walk,1,Verb
wall,1,Noun
want,1,Verb
warm,1,Adjective
wash,1,Verb
watch,1,Verb
wave,1,Noun
weak,1,Adjective
weather,1,Noun
week,1,Noun
well,1,Adjective
wet,1,Adjective
whale,1,Noun
wheel,1,Noun
whisper,1,Verb
whistle,1,Verb
white,1,Adjective
wide,1,Adjective
wild,1,Adjective
win,1,Verb
wind,1,Noun
window,1,Noun
windy,1,Adjective
wink,1,Verb
winter,1,Noun
wish,1,Verb
wolf,1,Noun
woman,1,Noun
word,1,Noun
world,1,Noun
worm,1,Noun
write,1,Verb
yard,1,Noun
yawn,1,Verb
year,1,Noun
yell,1,Verb
yellow,1,Adjective
young,1,Adjective
zebra,1,Noun
zoo,1,Noun
acorn,2,Noun
anchor,2,Noun
ancient,2,Adjective
ankle,2,Noun
antler,2,Noun
anxious,2,Adjective
apron,2,Noun
arrange,2,Verb
arrive,2,Verb
attach,2,Verb
author,2,Noun
babble,2,Verb
balance,2,Verb
bashful,2,Adjective
beak,2,Noun
behave,2,Verb
bitter,2,Adjective
bland,2,Adjective
bloom,2,Verb
blossom,2,Noun
bold,2,Adjective
borrow,2,Verb
branch,2,Noun
breeze,2,Noun
breezy,2,Adjective
bruise,2,Noun
bumpy,2,Adjective
bundle,2,Noun
bury,2,Verb
cabin,2,Noun
cactus,2,Noun
calm,2,Adjective
canyon,2,Noun
captain,2,Noun
capture,2,Verb
carve,2,Verb
castle,2,Noun
cave,2,Noun
celebrate,2,Verb
cellar,2,Noun
chatter,2,Verb
cheer,2,Verb
cheerful,2,Adjective
chilly,2,Adjective
chimney,2,Noun
chomp,2,Verb
chubby,2,Adjective
chuckle,2,Verb
clever,2,Adjective
cliff,2,Noun
closet,2,Noun
clutch,2,Verb
collect,2,Verb
common,2,Adjective
compare,2,Verb
compass,2,Noun
complex,2,Adjective
connect,2,Verb
costume,2,Noun
cottage,2,Noun
courage,2,Noun
crack,2,Verb
create,2,Verb
creature,2,Noun
crisp,2,Adjective
crispy,2,Adjective
crowd,2,Noun
cruel,2,Adjective
crumbly,2,Adjective
crunchy,2,Adjective
crush,2,Verb
crystal,2,Noun
curious,2,Adjective
current,2,Noun
damp,2,Adjective
danger,2,Noun
dart,2,Verb
dash,2,Verb
defend,2,Verb
delicate,2,Adjective
deliver,2,Verb
depart,2,Verb
desert,2,Noun
design,2,Verb
dim,2,Adjective
discover,2,Verb
distant,2,Adjective
dive,2,Verb
divide,2,Verb
dizzy,2,Adjective
drag,2,Verb
dragon,2,Noun
drape,2,Verb
drawer,2,Noun
dust,2,Verb
dusty,2,Adjective
eager,2,Adjective
engine,2,Noun
enormous,2,Adjective
escape,2,Verb
examine,2,Verb
explore,2,Verb
faded,2,Adjective
faint,2,Adjective
fancy,2,Adjective
fasten,2,Verb
feather,2,Noun
feathery,2,Adjective
festival,2,Noun
fierce,2,Adjective
flame,2,Noun
flap,2,Verb
flatten,2,Verb
flee,2,Verb
flimsy,2,Adjective
fling,2,Verb
flood,2,Noun
flutter,2,Verb
foam,2,Noun
foggy,2,Adjective
forehead,2,Noun
fountain,2,Noun
fragile,2,Adjective
freckle,2,Noun
friendly,2,Adjective
frosty,2,Adjective
fur,2,Noun
furry,2,Adjective
gallop,2,Verb
gasp,2,Verb
generous,2,Adjective
gentle,2,Adjective
giant,2,Noun
gigantic,2,Adjective
glide,2,Verb
globe,2,Noun
gloomy,2,Adjective
glossy,2,Adjective
glowing,2,Adjective
gobble,2,Verb
gooey,2,Adjective
goose,2,Noun
grab,2,Verb
grasp,2,Verb
greedy,2,Adjective
greet,2,Verb
groan,2,Verb
grumpy,2,Adjective
guard,2,Verb
guess,2,Verb
gulp,2,Verb
harbor,2,Noun
harmful,2,Adjective
harsh,2,Adjective
harvest,2,Noun
haul,2,Verb
hawk,2,Noun
heel,2,Noun
helmet,2,Noun
helpful,2,Adjective
herd,2,Noun
hive,2,Noun
hoist,2,Verb
holler,2,Verb
hollow,2,Adjective
honest,2,Adjective
hover,2,Verb
huge,2,Adjective
humble,2,Adjective
hunt,2,Verb
hurl,2,Verb
hut,2,Noun
iceberg,2,Noun
imagine,2,Verb
insect,2,Noun
inspect,2,Verb
invent,2,Verb
invite,2,Verb
island,2,Noun
jaw,2,Noun
jolly,2,Adjective
journey,2,Verb
juicy,2,Adjective
jungle,2,Noun
kingdom,2,Noun
knight,2,Noun
ladder,2,Noun
lantern,2,Noun
lawn,2,Noun
leafy,2,Adjective
lend,2,Verb
lever,2,Noun
lighthouse,2,Noun
locker,2,Noun
lonely,2,Adjective
loyal,2,Adjective
lumpy,2,Adjective
magnet,2,Noun
mammal,2,Noun
massive,2,Adjective
match,2,Verb
meadow,2,Noun
measure,2,Verb
mighty,2,Adjective
mineral,2,Noun
misty,2,Adjective
moan,2,Verb
modern,2,Adjective
moist,2,Adjective
monster,2,Noun
motor,2,Noun
muddy,2,Adjective
mumble,2,Verb
munch,2,Verb
muscle,2,Noun
mutter,2,Verb
nearby,2,Adjective
needle,2,Noun
nervous,2,Adjective
nest,2,Noun
nibble,2,Verb
normal,2,Adjective
notice,2,Verb
obey,2,Verb
observe,2,Verb
orchard,2,Noun
otter,2,Noun
paddle,2,Verb
palace,2,Noun
pale,2,Adjective
pant,2,Verb
parade,2,Noun
path,2,Noun
pebble,2,Noun
perch,2,Verb
pile,2,Verb
plain,2,Adjective
planet,2,Noun
playful,2,Adjective
plump,2,Adjective
plunge,2,Verb
polish,2,Verb
polite,2,Adjective
porch,2,Noun
precious,2,Adjective
pretend,2,Verb
protect,2,Verb
proud,2,Adjective
puddle,2,Noun
pulley,2,Noun
puppet,2,Noun
pursue,2,Verb
quiver,2,Verb
raft,2,Noun
ranch,2,Noun
rare,2,Adjective
release,2,Verb
repair,2,Verb
reptile,2,Noun
rescue,2,Verb
restless,2,Adjective
ribbon,2,Noun
ripe,2,Adjective
robot,2,Noun
rocky,2,Adjective
rotten,2,Adjective
rude,2,Adjective
saddle,2,Noun
sailor,2,Noun
sandy,2,Adjective
scaly,2,Adjective
scamper,2,Verb
scrape,2,Verb
screw,2,Verb
scurry,2,Verb
search,2,Verb
seek,2,Verb
selfish,2,Adjective
shadow,2,Noun
shaky,2,Adjective
shell,2,Noun
shelter,2,Noun
shiver,2,Verb
shovel,2,Noun
shudder,2,Verb
sigh,2,Verb
signal,2,Noun
silky,2,Adjective
simple,2,Adjective
skeleton,2,Noun
skinny,2,Adjective
sled,2,Noun
slim,2,Adjective
slimy,2,Adjective
slurp,2,Verb
snatch,2,Verb
snicker,2,Verb
soar,2,Verb
soggy,2,Adjective
soldier,2,Noun
solid,2,Adjective
solve,2,Verb
sort,2,Verb
sparkly,2,Adjective
spiky,2,Adjective
spill,2,Verb
split,2,Verb
sprinkle,2,Verb
sprout,2,Noun
squash,2,Verb
squeeze,2,Verb
stack,2,Verb
stain,2,Verb
stale,2,Adjective
statue,2,Noun
steady,2,Adjective
steep,2,Adjective
stem,2,Noun
stormy,2,Adjective
strange,2,Adjective
stream,2,Noun
stripe,2,Noun
study,2,Verb
stumble,2,Verb
sturdy,2,Adjective
swamp,2,Noun
swap,2,Verb
swoop,2,Verb
tadpole,2,Noun
telescope,2,Noun
tense,2,Adjective
thorny,2,Adjective
thunder,2,Noun
tiny,2,Adjective
tornado,2,Noun
toss,2,Verb
tow,2,Verb
trade,2,Verb
trail,2,Noun
trap,2,Verb
travel,2,Verb
treasure,2,Noun
tremble,2,Verb
trip,2,Verb
trophy,2,Noun
trunk,2,Noun
tumble,2,Verb
tunnel,2,Noun
twig,2,Noun
twist,2,Verb
unfold,2,Verb
unwrap,2,Verb
useful,2,Adjective
useless,2,Adjective
usual,2,Adjective
valley,2,Noun
vine,2,Noun
vivid,2,Adjective
volcano,2,Noun
wail,2,Verb
wander,2,Verb
waterfall,2,Noun
weary,2,Adjective
web,2,Noun
weep,2,Verb
weird,2,Adjective
welcome,2,Verb
wheeze,2,Verb
whisker,2,Noun
whittle,2,Verb
wiggle,2,Verb
wilt,2,Verb
windmill,2,Noun
wither,2,Verb
wizard,2,Noun
wobble,2,Verb
wobbly,2,Adjective
wonder,2,Verb
worthless,2,Adjective
wrap,2,Verb
wreath,2,Noun
wrinkle,2,Noun
wrist,2,Noun
ability,3,Noun
able,3,Adjective
accept,3,Verb
accident,3,Noun
accompany,3,Verb
achieve,3,Verb
active,3,Adjective
actual,3,Adjective
admire,3,Verb
admit,3,Verb
adventure,3,Noun
advise,3,Verb
affect,3,Verb
afraid,3,Adjective
agree,3,Verb
alert,3,Adjective
allow,3,Verb
amaze,3,Verb
amazing,3,Adjective
amuse,3,Verb
ancestor,3,Noun
announce,3,Verb
announcement,3,Noun
annoy,3,Verb
annoyed,3,Adjective
appear,3,Verb
appearance,3,Noun
approach,3,Verb
approve,3,Verb
argue,3,Verb
argument,3,Noun
arrest,3,Verb
arrival,3,Noun
assist,3,Verb
assume,3,Verb
attack,3,Verb
attempt,3,Verb
attend,3,Verb
attention,3,Noun
attitude,3,Noun
attract,3,Verb
audience,3,Noun
autumn,3,Noun
avoid,3,Verb
awful,3,Adjective
awkward,3,Adjective
battle,3,Verb
beg,3,Verb
behavior,3,Noun
believe,3,Verb
belong,3,Verb
beloved,3,Adjective
betray,3,Verb
bewilder,3,Verb
blame,3,Verb
blunt,3,Adjective
boast,3,Verb
border,3,Noun
bored,3,Adjective
boring,3,Adjective
bother,3,Verb
boundary,3,Noun
brag,3,Verb
brilliant,3,Adjective
burden,3,Noun
calculate,3,Verb
camp,3,Verb
care,3,Verb
careful,3,Adjective
careless,3,Adjective
cautious,3,Adjective
ceremony,3,Noun
certain,3,Adjective
challenge,3,Noun
champion,3,Noun
change,3,Verb
character,3,Noun
charge,3,Verb
cheat,3,Verb
choose,3,Verb
claim,3,Verb
climate,3,Noun
clumsy,3,Adjective
collapse,3,Verb
collection,3,Noun
combine,3,Verb
comfort,3,Noun
comfortable,3,Adjective
command,3,Noun
community,3,Noun
companion,3,Noun
compete,3,Verb
complain,3,Verb
complete,3,Verb
concentrate,3,Verb
concern,3,Noun
conclusion,3,Noun
condition,3,Noun
confess,3,Verb
confidence,3,Noun
confident,3,Adjective
conflict,3,Noun
confuse,3,Verb
confused,3,Adjective
confusion,3,Noun
consider,3,Verb
contain,3,Verb
content,3,Adjective
contest,3,Noun
continent,3,Noun
continue,3,Verb
contract,3,Noun
contribute,3,Verb
control,3,Verb
conversation,3,Noun
convince,3,Verb
cooperate,3,Verb
copy,3,Verb
correct,3,Verb
cozy,3,Adjective
cracked,3,Adjective
crash,3,Verb
creepy,3,Adjective
crew,3,Noun
crooked,3,Adjective
crops,3,Noun
crowded,3,Adjective
culture,3,Noun
cure,3,Verb
curiosity,3,Noun
custom,3,Noun
daily,3,Adjective
damage,3,Verb
dangerous,3,Adjective
dazzling,3,Adjective
deadly,3,Adjective
decide,3,Verb
decision,3,Noun
decorate,3,Verb
decoration,3,Noun
defeat,3,Verb
delay,3,Verb
delicious,3,Adjective
delightful,3,Adjective
demand,3,Verb
dense,3,Adjective
deny,3,Verb
depend,3,Verb
describe,3,Verb
deserve,3,Verb
desire,3,Noun
desperate,3,Adjective
destroy,3,Verb
detail,3,Noun
determined,3,Adjective
develop,3,Verb
dialogue,3,Noun
difference,3,Noun
difficult,3,Adjective
difficulty,3,Noun
dingy,3,Adjective
direction,3,Noun
disagree,3,Verb
disappear,3,Verb
disaster,3,Noun
discovery,3,Noun
discuss,3,Verb
discussion,3,Noun
disease,3,Noun
distance,3,Noun
district,3,Noun
disturb,3,Verb
document,3,Noun
double,3,Adjective
doubt,3,Verb
doubtful,3,Adjective
dreadful,3,Adjective
dream,3,Verb
drought,3,Noun
early,3,Adjective
earn,3,Verb
edge,3,Noun
educate,3,Verb
eerie,3,Adjective
effort,3,Noun
elect,3,Verb
elegant,3,Adjective
emerge,3,Verb
emotion,3,Noun
encourage,3,Verb
endless,3,Adjective
enemy,3,Noun
energy,3,Noun
enjoy,3,Verb
entire,3,Adjective
entrance,3,Noun
envelope,3,Noun
envious,3,Adjective
environment,3,Noun
equal,3,Adjective
equipment,3,Noun
errand,3,Noun
error,3,Noun
even,3,Adjective
eventual,3,Adjective
evidence,3,Noun
evil,3,Adjective
exact,3,Adjective
example,3,Noun
excellent,3,Adjective
exchange,3,Verb
excite,3,Verb
excited,3,Adjective
excitement,3,Noun
exclaim,3,Verb
excuse,3,Verb
exercise,3,Noun
exist,3,Verb
exotic,3,Adjective
expand,3,Verb
expect,3,Verb
experience,3,Noun
experiment,3,Noun
expert,3,Noun
explain,3,Verb
explanation,3,Noun
explode,3,Verb
explorer,3,Noun
express,3,Verb
expression,3,Noun
extend,3,Verb
extra,3,Adjective
fail,3,Verb
fair,3,Adjective
faithful,3,Adjective
familiar,3,Adjective
famous,3,Adjective
fantastic,3,Adjective
fault,3,Noun
favor,3,Verb
favorite,3,Noun
fear,3,Verb
feeble,3,Adjective
filthy,3,Adjective
final,3,Adjective
firm,3,Adjective
flexible,3,Adjective
flow,3,Verb
foamy,3,Adjective
foolish,3,Adjective
forbid,3,Verb
foreign,3,Adjective
forgive,3,Verb
formal,3,Adjective
fortunate,3,Adjective
fortune,3,Noun
fossil,3,Noun
foundation,3,Noun
frantic,3,Adjective
freedom,3,Noun
frequent,3,Adjective
frighten,3,Verb
frightful,3,Adjective
frontier,3,Noun
frown,3,Verb
frozen,3,Adjective
fumble,3,Verb
function,3,Noun
furious,3,Adjective
furniture,3,Noun
genuine,3,Adjective
gesture,3,Noun
ghastly,3,Adjective
glad,3,Adjective
glance,3,Verb
glorious,3,Adjective
goal,3,Noun
govern,3,Verb
government,3,Noun
graceful,3,Adjective
grand,3,Adjective
grateful,3,Adjective
gravity,3,Noun
graze,3,Verb
greasy,3,Adjective
growl,3,Verb
gruff,3,Adjective
guardian,3,Noun
guide,3,Verb
guilty,3,Adjective
habit,3,Noun
handle,3,Verb
handsome,3,Adjective
hardship,3,Noun
hasty,3,Adjective
hatch,3,Verb
hazard,3,Noun
headquarters,3,Noun
heal,3,Verb
height,3,Noun
helpless,3,Adjective
hesitate,3,Verb
hesitation,3,Noun
hidden,3,Adjective
hire,3,Verb
honor,3,Noun
hopeful,3,Adjective
horizon,3,Noun
horrible,3,Adjective
hostile,3,Adjective
howl,3,Verb
humid,3,Adjective
humor,3,Noun
hunger,3,Noun
idea,3,Noun
ideal,3,Adjective
identify,3,Verb
ignore,3,Verb
image,3,Noun
imitate,3,Verb
immense,3,Adjective
impact,3,Noun
imperfect,3,Adjective
import,3,Noun
importance,3,Noun
important,3,Adjective
impossible,3,Adjective
impress,3,Verb
impression,3,Noun
improve,3,Verb
incident,3,Noun
include,3,Verb
increase,3,Verb
incredible,3,Adjective
independent,3,Adjective
indicate,3,Verb
industry,3,Noun
inform,3,Verb
information,3,Noun
inhabit,3,Verb
injure,3,Verb
injury,3,Noun
innocent,3,Adjective
insist,3,Verb
inspire,3,Verb
instance,3,Noun
instant,3,Adjective
instinct,3,Noun
instruct,3,Verb
instrument,3,Noun
intend,3,Verb
intense,3,Adjective
intention,3,Noun
interesting,3,Adjective
interrupt,3,Verb
introduce,3,Verb
invade,3,Verb
invention,3,Noun
investigation,3,Noun
invisible,3,Adjective
invitation,3,Noun
involve,3,Verb
irregular,3,Adjective
itchy,3,Adjective
item,3,Noun
jealous,3,Adjective
join,3,Verb
joyful,3,Adjective
judge,3,Verb
judgment,3,Noun
keen,3,Adjective
knit,3,Verb
knowledge,3,Noun
label,3,Verb
laboratory,3,Noun
landscape,3,Noun
language,3,Noun
launch,3,Verb
layer,3,Noun
leader,3,Noun
lean,3,Verb
leap,3,Verb
lecture,3,Verb
legend,3,Noun
lessen,3,Verb
liberty,3,Noun
lifeless,3,Adjective
likely,3,Adjective
limit,3,Noun
limp,3,Adjective
liquid,3,Noun
local,3,Adjective
locate,3,Verb
location,3,Noun
loose,3,Adjective
lovely,3,Adjective
lucky,3,Adjective
luxurious,3,Adjective
machine,3,Noun
magical,3,Adjective
magnificent,3,Adjective
main,3,Adjective
major,3,Adjective
manage,3,Verb
mansion,3,Noun
marvel,3,Verb
material,3,Noun
mature,3,Adjective
medicine,3,Noun
meek,3,Adjective
mellow,3,Adjective
memorize,3,Verb
memory,3,Noun
mention,3,Verb
merry,3,Adjective
message,3,Noun
metal,3,Noun
method,3,Noun
mimic,3,Verb
miserable,3,Adjective
mission,3,Noun
mistake,3,Verb
mock,3,Verb
moisture,3,Noun
moldy,3,Adjective
moment,3,Noun
motion,3,Noun
motive,3,Noun
mount,3,Verb
mourn,3,Verb
movement,3,Noun
multiply,3,Verb
murmur,3,Verb
musty,3,Adjective
mysterious,3,Adjective
mystery,3,Noun
nasty,3,Adjective
nation,3,Noun
natural,3,Adjective
nature,3,Noun
naughty,3,Adjective
necessary,3,Adjective
neglect,3,Verb
neighborhood,3,Noun
noble,3,Adjective
nonsense,3,Noun
numerous,3,Adjective
nutrition,3,Noun
obedient,3,Adjective
object,3,Noun
observation,3,Noun
obstacle,3,Noun
obtain,3,Verb
occasion,3,Noun
occupy,3,Verb
occur,3,Verb
odd,3,Adjective
offend,3,Verb
offer,3,Verb
omit,3,Verb
operate,3,Verb
opinion,3,Noun
opportunity,3,Noun
oppose,3,Verb
option,3,Noun
orbit,3,Noun
order,3,Noun
ordinary,3,Adjective
organ,3,Noun
organize,3,Verb
outline,3,Noun
outrageous,3,Adjective
overcome,3,Verb
overjoyed,3,Adjective
owe,3,Verb
pace,3,Verb
pack,3,Verb
package,3,Noun
pardon,3,Verb
particular,3,Adjective
passage,3,Noun
passenger,3,Noun
patient,3,Adjective
pattern,3,Noun
pause,3,Verb
peace,3,Noun
peaceful,3,Adjective
peculiar,3,Adjective
peer,3,Verb
perfect,3,Adjective
perform,3,Verb
performance,3,Noun
period,3,Noun
permanent,3,Adjective
permission,3,Noun
personal,3,Adjective
persuade,3,Verb
pinch,3,Verb
pioneer,3,Noun
plan,3,Verb
plead,3,Verb
pleasant,3,Adjective
pleasure,3,Noun
plentiful,3,Adjective
pluck,3,Verb
poison,3,Noun
poisonous,3,Adjective
poke,3,Verb
ponder,3,Verb
poor,3,Adjective
popular,3,Adjective
portion,3,Noun
position,3,Noun
positive,3,Adjective
possession,3,Noun
possible,3,Adjective
pounce,3,Verb
poverty,3,Noun
powerful,3,Adjective
practice,3,Noun
praise,3,Noun
precise,3,Adjective
predict,3,Verb
prediction,3,Noun
prepare,3,Verb
presence,3,Noun
present,3,Verb
preserve,3,Verb
press,3,Verb
pressure,3,Noun
prevent,3,Verb
previous,3,Adjective
prey,3,Noun
pride,3,Noun
private,3,Adjective
prize,3,Noun
problem,3,Noun
process,3,Noun
produce,3,Verb
product,3,Noun
progress,3,Noun
promise,3,Noun
proper,3,Adjective
property,3,Noun
propose,3,Verb
protection,3,Noun
protest,3,Verb
provide,3,Verb
public,3,Adjective
punctual,3,Adjective
puzzled,3,Adjective
quality,3,Noun
quantity,3,Noun
question,3,Noun
quick,3,Adjective
rapid,3,Adjective
raw,3,Adjective
realize,3,Verb
reason,3,Noun
receive,3,Verb
recent,3,Adjective
recipe,3,Noun
reckless,3,Adjective
recognize,3,Verb
recommend,3,Verb
record,3,Noun
recover,3,Verb
refer,3,Verb
refuse,3,Verb
region,3,Noun
regret,3,Verb
regular,3,Adjective
reject,3,Verb
relation,3,Noun
reliable,3,Adjective
relieve,3,Verb
remain,3,Verb
remarkable,3,Adjective
remind,3,Verb
reminder,3,Noun
remove,3,Verb
repeat,3,Verb
replace,3,Verb
reply,3,Verb
report,3,Verb
represent,3,Verb
request,3,Noun
require,3,Verb
resemble,3,Verb
resist,3,Verb
resource,3,Noun
respect,3,Noun
respond,3,Verb
response,3,Noun
responsible,3,Adjective
result,3,Noun
retreat,3,Verb
return,3,Verb
reveal,3,Verb
review,3,Verb
reward,3,Noun
rhythm,3,Noun
riddle,3,Noun
rigid,3,Adjective
roam,3,Verb
roar,3,Verb
route,3,Noun
routine,3,Noun
rugged,3,Adjective
rumor,3,Noun
ruthless,3,Adjective
sacred,3,Adjective
satisfy,3,Verb
scarce,3,Adjective
scary,3,Adjective
scene,3,Noun
scent,3,Noun
schedule,3,Noun
scholar,3,Noun
science,3,Noun
scold,3,Verb
scornful,3,Adjective
scramble,3,Verb
scratch,3,Noun
scribble,3,Verb
secret,3,Adjective
section,3,Noun
seize,3,Verb
select,3,Verb
selection,3,Noun
sense,3,Noun
sensible,3,Adjective
sensitive,3,Adjective
sentence,3,Noun
separate,3,Verb
series,3,Noun
serious,3,Adjective
settle,3,Verb
severe,3,Adjective
shabby,3,Adjective
shady,3,Adjective
shape,3,Noun
shatter,3,Verb
shocking,3,Adjective
shrug,3,Verb
sickly,3,Adjective
silence,3,Noun
silent,3,Adjective
sincere,3,Adjective
sketch,3,Verb
skill,3,Noun
skillful,3,Adjective
slender,3,Adjective
slight,3,Adjective
slope,3,Noun
sloppy,3,Adjective
sluggish,3,Adjective
snug,3,Adjective
soak,3,Verb
solution,3,Noun
sore,3,Adjective
souvenir,3,Noun
space,3,Noun
spacious,3,Adjective
special,3,Adjective
spectacular,3,Adjective
speech,3,Noun
speechless,3,Adjective
spirit,3,Noun
splendid,3,Adjective
spoiled,3,Adjective
spotless,3,Adjective
sprint,3,Verb
stage,3,Noun
stagger,3,Verb
startle,3,Verb
starve,3,Verb
statement,3,Noun
steer,3,Verb
stern,3,Adjective
stiff,3,Adjective
still,3,Adjective
stingy,3,Adjective
stomach,3,Noun
storm,3,Noun
strain,3,Verb
strategy,3,Noun
strength,3,Noun
stride,3,Verb
structure,3,Noun
struggle,3,Verb
stubborn,3,Adjective
stupid,3,Adjective
subject,3,Noun
substance,3,Noun
succeed,3,Verb
success,3,Noun
sudden,3,Adjective
suffer,3,Verb
suggest,3,Verb
suggestion,3,Noun
summon,3,Verb
superb,3,Adjective
supply,3,Noun
support,3,Verb
suppose,3,Verb
surface,3,Noun
surprise,3,Noun
surround,3,Verb
survey,3,Noun
survive,3,Verb
suspect,3,Verb
sway,3,Verb
swell,3,Verb
swift,3,Adjective
swirl,3,Verb
symbol,3,Noun
system,3,Noun
tackle,3,Verb
talent,3,Noun
talented,3,Adjective
tangled,3,Adjective
task,3,Noun
tease,3,Verb
tedious,3,Adjective
temper,3,Noun
temperature,3,Noun
tempt,3,Verb
tender,3,Adjective
terrible,3,Adjective
terrific,3,Adjective
territory,3,Noun
texture,3,Noun
thankful,3,Adjective
thaw,3,Verb
theory,3,Noun
thorough,3,Adjective
thoughtful,3,Adjective
threaten,3,Verb
thrifty,3,Adjective
thrill,3,Verb
tidy,3,Adjective
tight,3,Adjective
timid,3,Adjective
tiptoe,3,Verb
tireless,3,Adjective
tool,3,Noun
topic,3,Noun
tough,3,Adjective
trace,3,Verb
tradition,3,Noun
traffic,3,Noun
tragic,3,Adjective
transform,3,Verb
translate,3,Verb
transport,3,Verb
treat,3,Verb
treatment,3,Noun
tremendous,3,Adjective
trial,3,Noun
triangle,3,Noun
trick,3,Noun
tricky,3,Adjective
triumph,3,Noun
trot,3,Verb
trouble,3,Noun
troubled,3,Adjective
trust,3,Verb
trusty,3,Adjective
truth,3,Noun
tug,3,Verb
twirl,3,Verb
unable,3,Adjective
understand,3,Verb
unhappy,3,Adjective
unique,3,Adjective
unite,3,Verb
universe,3,Noun
unkind,3,Adjective
unknown,3,Adjective
unlucky,3,Adjective
unusual,3,Adjective
upset,3,Adjective
urge,3,Verb
urgent,3,Adjective
vacant,3,Adjective
vague,3,Adjective
valuable,3,Adjective
vanish,3,Verb
vary,3,Verb
vast,3,Adjective
vehicle,3,Noun
vicious,3,Adjective
victory,3,Noun
village,3,Noun
violent,3,Adjective
visible,3,Adjective
vital,3,Adjective
volume,3,Noun
volunteer,3,Verb
voyage,3,Noun
warn,3,Verb
warning,3,Noun
wary,3,Adjective
waste,3,Verb
wasteful,3,Adjective
weakness,3,Noun
wealth,3,Noun
wealthy,3,Adjective
weapon,3,Noun
website,3,Noun
wee,3,Adjective
whirl,3,Verb
whole,3,Adjective
wicked,3,Adjective
willing,3,Adjective
wisdom,3,Noun
wise,3,Adjective
witty,3,Adjective
wonderful,3,Adjective
worried,3,Adjective
worry,3,Verb
worthy,3,Adjective
wreck,3,Verb
wretched,3,Adjective
wriggle,3,Verb
youthful,3,Adjective
zealous,3,Adjective
abandon,4,Verb
abrupt,4,Adjective
absent,4,Adjective
absolute,4,Adjective
abundant,4,Adjective
accomplish,4,Verb
achievement,4,Noun
acquire,4,Verb
acute,4,Adjective
adopt,4,Verb
adorable,4,Adjective
advance,4,Verb
advantage,4,Noun
afford,4,Verb
alarm,4,Verb
alike,4,Adjective
alone,4,Adjective
ambitious,4,Adjective
angle,4,Noun
anxiety,4,Noun
apology,4,Noun
apparent,4,Adjective
appetite,4,Noun
applause,4,Noun
apply,4,Verb
appointment,4,Noun
approval,4,Noun
architect,4,Noun
arrangement,4,Noun
assignment,4,Noun
assistant,4,Noun
astronaut,4,Noun
atmosphere,4,Noun
attic,4,Noun
attraction,4,Noun
authority,4,Noun
automatic,4,Adjective
average,4,Noun
await,4,Verb
aware,4,Adjective
bald,4,Adjective
bare,4,Adjective
bargain,4,Noun
barrier,4,Noun
basement,4,Noun
basic,4,Adjective
benefit,4,Verb
beverage,4,Noun
blend,4,Verb
blizzard,4,Noun
blunder,4,Noun
bouncy,4,Adjective
bravery,4,Noun
brief,4,Adjective
broad,4,Adjective
burrow,4,Noun
calendar,4,Noun
capable,4,Adjective
caption,4,Noun
cargo,4,Noun
carpenter,4,Noun
casual,4,Adjective
cause,4,Verb
cavern,4,Noun
celebration,4,Noun
chapter,4,Noun
charity,4,Noun
charming,4,Adjective
cheap,4,Adjective
chemical,4,Noun
chief,4,Adjective
chunky,4,Adjective
citizen,4,Noun
clear,4,Adjective
coarse,4,Adjective
coastline,4,Noun
colony,4,Noun
compact,4,Adjective
complaint,4,Noun
consequence,4,Noun
considerate,4,Adjective
constant,4,Adjective
construct,4,Verb
container,4,Noun
convenient,4,Adjective
cosy,4,Adjective
courageous,4,Adjective
cover,4,Verb
coward,4,Noun
cramped,4,Adjective
creative,4,Adjective
creator,4,Noun
creep,4,Verb
crisis,4,Noun
cuddly,4,Adjective
cunning,4,Adjective
curtain,4,Noun
curved,4,Adjective
customer,4,Noun
dare,4,Verb
daring,4,Adjective
dawn,4,Noun
deal,4,Verb
debate,4,Noun
decade,4,Noun
decent,4,Adjective
declare,4,Verb
delight,4,Noun
density,4,Noun
dependable,4,Adjective
deposit,4,Noun
destination,4,Noun
detailed,4,Adjective
detective,4,Noun
device,4,Noun
devote,4,Verb
diagram,4,Noun
diameter,4,Noun
direct,4,Verb
disguise,4,Noun
distinct,4,Adjective
distress,4,Noun
dramatic,4,Adjective
dreary,4,Adjective
drift,4,Verb
drown,4,Verb
dungeon,4,Noun
dusk,4,Noun
duty,4,Noun
earthquake,4,Noun
echo,4,Noun
edible,4,Adjective
efficient,4,Adjective
elaborate,4,Adjective
elderly,4,Adjective
emperor,4,Noun
empire,4,Noun
employ,4,Verb
endure,4,Verb
energetic,4,Adjective
entertain,4,Verb
enthusiasm,4,Noun
envy,4,Noun
estate,4,Noun
exciting,4,Adjective
exhibit,4,Noun
expedition,4,Noun
expensive,4,Adjective
extreme,4,Adjective
factor,4,Noun
factory,4,Noun
fade,4,Verb
faith,4,Noun
fatal,4,Adjective
fatigue,4,Noun
fearful,4,Adjective
fearless,4,Adjective
feast,4,Noun
feature,4,Noun
fellow,4,Noun
ferocious,4,Adjective
fertile,4,Adjective
fetch,4,Verb
fiction,4,Noun
fight,4,Verb
fit,4,Adjective
flavor,4,Noun
fleeting,4,Adjective
fluid,4,Adjective
focus,4,Noun
fond,4,Adjective
force,4,Verb
forecast,4,Noun
form,4,Verb
formula,4,Noun
found,4,Verb
fraction,4,Noun
fragment,4,Noun
frail,4,Adjective
gadget,4,Noun
gallery,4,Noun
garment,4,Noun
generation,4,Noun
genius,4,Noun
glacier,4,Noun
glamorous,4,Adjective
gleaming,4,Adjective
glory,4,Noun
glow,4,Verb
golden,4,Adjective
gorgeous,4,Adjective
gradual,4,Adjective
gratitude,4,Noun
greed,4,Noun
grim,4,Adjective
grip,4,Verb
gritty,4,Adjective
gross,4,Adjective
guidance,4,Noun
handy,4,Adjective
happen,4,Verb
harmless,4,Adjective
heap,4,Verb
heavenly,4,Adjective
heritage,4,Noun
hint,4,Verb
hopeless,4,Adjective
hospital,4,Noun
hurricane,4,Noun
hurried,4,Adjective
hurt,4,Verb
idle,4,Adjective
ignorant,4,Adjective
ill,4,Adjective
illusion,4,Noun
imaginary,4,Adjective
imagination,4,Noun
immediate,4,Adjective
impatient,4,Adjective
impressive,4,Adjective
income,4,Noun
infinite,4,Adjective
influence,4,Noun
informal,4,Adjective
ingredient,4,Noun
inherit,4,Verb
inner,4,Adjective
inquiry,4,Noun
install,4,Verb
insult,4,Noun
intelligent,4,Adjective
interest,4,Noun
internal,4,Adjective
interval,4,Noun
jewel,4,Noun
journal,4,Noun
land,4,Verb
landmark,4,Noun
last,4,Verb
laughter,4,Noun
lava,4,Noun
legal,4,Adjective
leisure,4,Noun
lengthy,4,Adjective
level,4,Adjective
lighten,4,Verb
link,4,Verb
list,4,Verb
literature,4,Noun
lively,4,Adjective
load,4,Verb
lovable,4,Adjective
luxury,4,Noun
maintain,4,Verb
majority,4,Noun
margin,4,Noun
mark,4,Verb
marvelous,4,Adjective
master,4,Verb
meaningful,4,Adjective
mechanic,4,Noun
mechanical,4,Adjective
medium,4,Adjective
mend,4,Verb
mercy,4,Noun
messy,4,Adjective
meteor,4,Noun
mind,4,Verb
miniature,4,Adjective
minor,4,Adjective
miracle,4,Noun
mischief,4,Noun
mixture,4,Noun
modest,4,Adjective
monument,4,Noun
mortal,4,Adjective
motionless,4,Adjective
muscular,4,Adjective
museum,4,Noun
musical,4,Adjective
myth,4,Noun
narrator,4,Noun
necessity,4,Noun
neutral,4,Adjective
noisy,4,Adjective
nosy,4,Adjective
obvious,4,Adjective
official,4,Adjective
oily,4,Adjective
opponent,4,Noun
original,4,Adjective
outcome,4,Noun
outer,4,Adjective
overall,4,Adjective
partial,4,Adjective
passionate,4,Adjective
peasant,4,Noun
permit,4,Verb
pesky,4,Adjective
petite,4,Adjective
place,4,Verb
pleased,4,Adjective
pollute,4,Verb
pollution,4,Noun
portable,4,Adjective
practical,4,Adjective
prairie,4,Noun
pray,4,Verb
precaution,4,Noun
prefer,4,Verb
primary,4,Adjective
print,4,Verb
prisoner,4,Noun
privilege,4,Noun
probable,4,Adjective
procedure,4,Noun
proceed,4,Verb
productive,4,Adjective
project,4,Noun
proposal,4,Noun
prove,4,Verb
punish,4,Verb
purchase,4,Verb
pure,4,Adjective
pyramid,4,Noun
quaint,4,Adjective
quarrel,4,Noun
quarry,4,Noun
quit,4,Verb
raise,4,Verb
reach,4,Verb
realistic,4,Adjective
reasonable,4,Adjective
rebel,4,Verb
reduce,4,Verb
reflect,4,Verb
regard,4,Verb
register,4,Noun
relate,4,Verb
relative,4,Noun
relax,4,Verb
relaxed,4,Adjective
relief,4,Noun
reluctant,4,Adjective
rely,4,Verb
remark,4,Noun
remote,4,Adjective
research,4,Noun
reserve,4,Verb
reservoir,4,Noun
restore,4,Verb
retire,4,Verb
rinse,4,Verb
rise,4,Verb
risk,4,Verb
risky,4,Adjective
roast,4,Verb
rob,4,Verb
roomy,4,Adjective
royal,4,Adjective
rub,4,Verb
rule,4,Verb
sacrifice,4,Noun
safe,4,Adjective
safety,4,Noun
satellite,4,Noun
satisfied,4,Adjective
save,4,Verb
scenic,4,Adjective
scientist,4,Noun
sculpture,4,Noun
season,4,Noun
secure,4,Adjective
senator,4,Noun
senior,4,Adjective
serve,4,Verb
shameful,4,Adjective
shed,4,Verb
sheer,4,Adjective
shift,4,Verb
shine,4,Verb
shortage,4,Noun
shove,4,Verb
shrill,4,Adjective
shrink,4,Verb
significant,4,Adjective
similar,4,Adjective
similarity,4,Noun
skilled,4,Adjective
slam,4,Verb
sleek,4,Adjective
sly,4,Adjective
smash,4,Verb
sneak,4,Verb
source,4,Noun
spare,4,Verb
sparkling,4,Adjective
species,4,Noun
specific,4,Adjective
spectacle,4,Noun
speedy,4,Adjective
sphere,4,Noun
spoil,4,Verb
sprawl,4,Verb
spread,4,Verb
spring,4,Verb
stadium,4,Noun
stitch,4,Verb
stoop,4,Verb
storage,4,Noun
strict,4,Adjective
strike,4,Verb
striking,4,Adjective
stroll,4,Verb
stunning,4,Adjective
substantial,4,Adjective
subtle,4,Adjective
sufficient,4,Adjective
suitable,4,Adjective
summary,4,Noun
superior,4,Adjective
surrender,4,Verb
survival,4,Noun
suspicion,4,Noun
swarm,4,Verb
swear,4,Verb
symptom,4,Noun
talkative,4,Adjective
tan,4,Adjective
tap,4,Verb
target,4,Noun
technique,4,Noun
temporary,4,Adjective
tension,4,Noun
thrive,4,Verb
tilt,4,Verb
tip,4,Verb
tournament,4,Noun
tragedy,4,Noun
transfer,4,Verb
transportation,4,Noun
twilight,4,Noun
typical,4,Adjective
ultimate,4,Adjective
underground,4,Noun
underline,4,Verb
uneasy,4,Adjective
unfair,4,Adjective
unfortunate,4,Adjective
uniform,4,Adjective
united,4,Adjective
universal,4,Adjective
unlikely,4,Adjective
upper,4,Adjective
upright,4,Adjective
value,4,Noun
various,4,Adjective
venture,4,Verb
version,4,Noun
vow,4,Verb
warrior,4,Noun
watchful,4,Adjective
weave,4,Verb
weigh,4,Verb
wipe,4,Verb
withdraw,4,Verb
witness,4,Noun
worth,4,Noun
worthwhile,4,Adjective
wreckage,4,Noun
wrestle,4,Verb
yank,4,Verb
yield,4,Verb
abolish,5,Verb
absorb,5,Verb
absurd,5,Adjective
abundance,5,Noun
accommodate,5,Verb
accomplishment,5,Noun
accumulate,5,Verb
accuracy,5,Noun
accurate,5,Adjective
accuse,5,Verb
acknowledge,5,Verb
acquaintance,5,Noun
adapt,5,Verb
adequate,5,Adjective
adjust,5,Verb
administer,5,Verb
admirable,5,Adjective
admiration,5,Noun
adventurous,5,Adjective
adverse,5,Adjective
advocate,5,Verb
affectionate,5,Adjective
aggressive,5,Adjective
agile,5,Adjective
agriculture,5,Noun
allowance,5,Noun
alter,5,Verb
alternative,5,Noun
ambition,5,Noun
ambush,5,Noun
analysis,5,Noun
analyze,5,Verb
ancestry,5,Noun
anniversary,5,Noun
anticipate,5,Verb
apparatus,5,Noun
appoint,5,Verb
appreciate,5,Verb
appreciation,5,Noun
apprentice,5,Noun
appropriate,5,Adjective
arena,5,Noun
arrogant,5,Adjective
artificial,5,Adjective
assemble,5,Verb
assembly,5,Noun
assert,5,Verb
assign,5,Verb
assortment,5,Noun
assurance,5,Noun
assure,5,Verb
astonishing,5,Adjective
attain,5,Verb
attendant,5,Noun
attentive,5,Adjective
attractive,5,Adjective
attribute,5,Verb
audible,5,Adjective
auditorium,5,Noun
authentic,5,Adjective
authorize,5,Verb
availability,5,Noun
available,5,Adjective
awareness,5,Noun
ballot,5,Noun
banquet,5,Noun
barren,5,Adjective
barricade,5,Noun
beneficial,5,Adjective
beneficiary,5,Noun
betrayal,5,Noun
bewildered,5,Adjective
bias,5,Noun
bind,5,Verb
biography,5,Noun
bizarre,5,Adjective
bleak,5,Adjective
blockade,5,Noun
boundless,5,Adjective
boycott,5,Noun
brilliance,5,Noun
brisk,5,Adjective
broadcast,5,Verb
brutal,5,Adjective
budget,5,Noun
bulky,5,Adjective
burdensome,5,Adjective
bureau,5,Noun
campaign,5,Noun
candidate,5,Noun
captivate,5,Verb
captivity,5,Noun
caravan,5,Noun
caution,5,Noun
cease,5,Verb
ceaseless,5,Adjective
changeable,5,Adjective
chaotic,5,Adjective
characteristic,5,Noun
characterize,5,Verb
cherish,5,Verb
chronic,5,Adjective
circuit,5,Noun
circulate,5,Verb
circulation,5,Noun
circumstance,5,Noun
citizenship,5,Noun
civic,5,Adjective
civil,5,Adjective
clarify,5,Verb
clarity,5,Noun
classify,5,Verb
coincide,5,Verb
coincidence,5,Noun
collaborate,5,Verb
collide,5,Verb
collision,5,Noun
colonist,5,Noun
colossal,5,Adjective
combination,5,Noun
commence,5,Verb
commend,5,Verb
commendable,5,Adjective
commerce,5,Noun
commercial,5,Adjective
commit,5,Verb
commitment,5,Noun
committee,5,Noun
commotion,5,Noun
communicate,5,Verb
comparison,5,Noun
compassion,5,Noun
compassionate,5,Adjective
compatible,5,Adjective
compel,5,Verb
compensate,5,Verb
competent,5,Adjective
competition,5,Noun
compile,5,Verb
complacent,5,Adjective
complexity,5,Noun
complicate,5,Verb
complicated,5,Adjective
comply,5,Verb
composition,5,Noun
comprehend,5,Verb
comprehensive,5,Adjective
compromise,5,Noun
compulsory,5,Adjective
conceal,5,Verb
concealed,5,Adjective
concede,5,Verb
conceited,5,Adjective
conceive,5,Verb
concept,5,Noun
concise,5,Adjective
conclude,5,Verb
condemn,5,Verb
conduct,5,Verb
confer,5,Verb
conference,5,Noun
confidential,5,Adjective
confine,5,Verb
confirm,5,Verb
confront,5,Verb
congregation,5,Noun
conquer,5,Verb
conscience,5,Noun
conscious,5,Adjective
consent,5,Noun
conservation,5,Noun
conserve,5,Verb
considerable,5,Adjective
consideration,5,Noun
consist,5,Verb
consistent,5,Adjective
consolation,5,Noun
console,5,Verb
conspicuous,5,Adjective
conspiracy,5,Noun
conspire,5,Verb
constitute,5,Verb
constitution,5,Noun
consult,5,Verb
consume,5,Verb
consumer,5,Noun
contagious,5,Adjective
contemplate,5,Verb
contemporary,5,Adjective
contented,5,Adjective
contentment,5,Noun
continuous,5,Adjective
contradict,5,Verb
contradiction,5,Noun
contrary,5,Adjective
contribution,5,Noun
controversial,5,Adjective
controversy,5,Noun
convenience,5,Noun
conventional,5,Adjective
convert,5,Verb
convey,5,Verb
conviction,5,Noun
cooperation,5,Noun
coordinate,5,Verb
cope,5,Verb
correspond,5,Verb
correspondence,5,Noun
corrupt,5,Verb
counsel,5,Verb
courteous,5,Adjective
courtesy,5,Noun
craftsman,5,Noun
crafty,5,Adjective
crave,5,Verb
creativity,5,Noun
credible,5,Adjective
criterion,5,Noun
critical,5,Adjective
criticism,5,Noun
criticize,5,Verb
crucial,5,Adjective
crude,5,Adjective
cruelty,5,Noun
crumble,5,Verb
cultivate,5,Verb
cumbersome,5,Adjective
custody,5,Noun
cynical,5,Adjective
dampen,5,Verb
dazzle,5,Verb
deceitful,5,Adjective
deceive,5,Verb
decisive,5,Adjective
declaration,5,Noun
decline,5,Verb
decrease,5,Verb
dedicate,5,Verb
dedication,5,Noun
defensive,5,Adjective
defiance,5,Noun
defiant,5,Adjective
deficiency,5,Noun
definition,5,Noun
defy,5,Verb
delegate,5,Verb
deliberate,5,Verb
demanding,5,Adjective
democracy,5,Noun
demonstrate,5,Verb
demonstration,5,Noun
denounce,5,Verb
depict,5,Verb
deplorable,5,Adjective
deplore,5,Verb
deprive,5,Verb
descend,5,Verb
descendant,5,Noun
description,5,Noun
designate,5,Verb
desolate,5,Adjective
desperation,5,Noun
destiny,5,Noun
destructive,5,Adjective
detect,5,Verb
determination,5,Noun
determine,5,Verb
devastate,5,Verb
devastating,5,Adjective
devise,5,Verb
devoted,5,Adjective
devout,5,Adjective
diagnose,5,Verb
dialect,5,Noun
differ,5,Verb
dignified,5,Adjective
dignity,5,Noun
dilemma,5,Noun
diligent,5,Adjective
dimension,5,Noun
diminish,5,Verb
diplomat,5,Noun
diplomatic,5,Adjective
disadvantage,5,Noun
disagreement,5,Noun
disastrous,5,Adjective
discard,5,Verb
discern,5,Verb
discipline,5,Noun
disclose,5,Verb
discourage,5,Verb
disgrace,5,Noun
disgraceful,5,Adjective
disgusting,5,Adjective
dishonest,5,Adjective
disloyal,5,Adjective
dismal,5,Adjective
dismantle,5,Verb
dismay,5,Noun
dismiss,5,Verb
disorder,5,Noun
dispatch,5,Verb
dispel,5,Verb
disperse,5,Verb
display,5,Verb
dispute,5,Noun
disregard,5,Verb
dissolve,5,Verb
distinction,5,Noun
distinctive,5,Adjective
distinguish,5,Verb
distinguished,5,Adjective
distort,5,Verb
distract,5,Verb
distressing,5,Adjective
distribute,5,Verb
distribution,5,Noun
diverse,5,Adjective
diversity,5,Noun
divert,5,Verb
domain,5,Noun
dominance,5,Noun
dominant,5,Adjective
dominate,5,Verb
dormitory,5,Noun
downfall,5,Noun
drab,5,Adjective
dramatize,5,Verb
drastic,5,Adjective
dread,5,Verb
durable,5,Adjective
dwell,5,Verb
dwelling,5,Noun
dynamic,5,Adjective
eccentric,5,Adjective
economical,5,Adjective
economy,5,Noun
ecstatic,5,Adjective
effective,5,Adjective
efficiency,5,Noun
elaboration,5,Noun
eligibility,5,Noun
eligible,5,Adjective
eloquence,5,Noun
eloquent,5,Adjective
embrace,5,Verb
emergency,5,Noun
eminent,5,Adjective
emphasis,5,Noun
emphasize,5,Verb
enable,5,Verb
enclose,5,Verb
encounter,5,Noun
encouragement,5,Noun
endanger,5,Verb
endeavor,5,Noun
endorse,5,Verb
endurance,5,Noun
enforce,5,Verb
engage,5,Verb
enhance,5,Verb
enlarge,5,Verb
enlighten,5,Verb
enrich,5,Verb
enterprise,5,Noun
enthusiastic,5,Adjective
entitle,5,Verb
envision,5,Verb
equality,5,Noun
equator,5,Noun
essence,5,Noun
essential,5,Adjective
establish,5,Verb
establishment,5,Noun
estimate,5,Noun
eternal,5,Adjective
ethical,5,Adjective
evaluate,5,Verb
evaluation,5,Noun
evident,5,Adjective
evolution,5,Noun
evolve,5,Verb
exaggerate,5,Verb
exaggeration,5,Noun
exceed,5,Verb
excel,5,Verb
excellence,5,Noun
exception,5,Noun
exceptional,5,Adjective
excessive,5,Adjective
exclude,5,Verb
exclusive,5,Adjective
exert,5,Verb
exhaust,5,Verb
exhausting,5,Adjective
exhaustion,5,Noun
existence,5,Noun
expansion,5,Noun
expansive,5,Adjective
expectation,5,Noun
expel,5,Verb
expense,5,Noun
experienced,5,Adjective
exploit,5,Verb
exploration,5,Noun
expose,5,Verb
exposure,5,Noun
extension,5,Noun
extensive,5,Adjective
external,5,Adjective
extinction,5,Noun
extract,5,Noun
extraordinary,5,Adjective
extravagant,5,Adjective
fabric,5,Noun
fabulous,5,Adjective
fairness,5,Noun
fascinate,5,Verb
fascinating,5,Adjective
fascination,5,Noun
fashionable,5,Adjective
ferocity,5,Noun
fertility,5,Noun
fictional,5,Adjective
fitting,5,Adjective
flagrant,5,Adjective
flatter,5,Verb
flawless,5,Adjective
flourish,5,Verb
fluency,5,Noun
fluent,5,Adjective
forbidden,5,Adjective
forceful,5,Adjective
foresee,5,Verb
forfeit,5,Verb
formidable,5,Adjective
forsake,5,Verb
fragrance,5,Noun
framework,5,Noun
frivolous,5,Adjective
frustrated,5,Adjective
fulfill,5,Verb
fulfillment,5,Noun
fundamental,5,Noun
furnish,5,Verb
fury,5,Noun
futile,5,Adjective
galaxy,5,Noun
generate,5,Verb
generosity,5,Noun
glimpse,5,Noun
gracious,5,Adjective
graduate,5,Noun
grandeur,5,Noun
gratifying,5,Adjective
grievance,5,Noun
grieve,5,Verb
gruesome,5,Adjective
grumble,5,Verb
guarantee,5,Noun
habitat,5,Noun
hamper,5,Verb
hardy,5,Adjective
harmonious,5,Adjective
harmony,5,Noun
harness,5,Verb
hazardous,5,Adjective
heave,5,Verb
heroic,5,Adjective
hideous,5,Adjective
hierarchy,5,Noun
hinder,5,Verb
historic,5,Adjective
honesty,5,Noun
honorable,5,Adjective
hospitable,5,Adjective
hostility,5,Noun
humanity,5,Noun
humiliate,5,Verb
humiliating,5,Adjective
humility,5,Noun
humorous,5,Adjective
hypothesis,5,Noun
hysterical,5,Adjective
identical,5,Adjective
identity,5,Noun
ignite,5,Verb
ignorance,5,Noun
illegal,5,Adjective
illogical,5,Adjective
illuminate,5,Verb
illustrate,5,Verb
immaculate,5,Adjective
immature,5,Adjective
immerse,5,Verb
immigrant,5,Noun
imminent,5,Adjective
immortal,5,Adjective
impartial,5,Adjective
imply,5,Verb
impolite,5,Adjective
impose,5,Verb
impractical,5,Adjective
imprison,5,Verb
improper,5,Adjective
improvise,5,Verb
impulse,5,Noun
impulsive,5,Adjective
inadequate,5,Adjective
inaugurate,5,Verb
incapable,5,Adjective
incentive,5,Noun
incline,5,Verb
incompetent,5,Adjective
incomplete,5,Adjective
inconsistent,5,Adjective
incorporate,5,Verb
indefinite,5,Adjective
independence,5,Noun
indication,5,Noun
indifferent,5,Adjective
indignant,5,Adjective
indispensable,5,Adjective
individual,5,Noun
induce,5,Verb
indulge,5,Verb
industrious,5,Adjective
inequality,5,Noun
inevitable,5,Adjective
infamous,5,Adjective
infect,5,Verb
infer,5,Verb
inferior,5,Adjective
inferno,5,Noun
inflate,5,Verb
inflict,5,Verb
influential,5,Adjective
ingenious,5,Adjective
inhabited,5,Adjective
inhibit,5,Verb
initiate,5,Verb
initiative,5,Noun
inject,5,Verb
injustice,5,Noun
innovate,5,Verb
innovation,5,Noun
inquire,5,Verb
inquisitive,5,Adjective
inscribe,5,Verb
insecure,5,Adjective
insight,5,Noun
insignificant,5,Adjective
inspiration,5,Noun
installation,5,Noun
institution,5,Noun
instruction,5,Noun
integrate,5,Verb
integrity,5,Noun
intellect,5,Noun
intensity,5,Noun
intentional,5,Adjective
interaction,5,Noun
interfere,5,Verb
interpret,5,Verb
interpretation,5,Noun
interruption,5,Noun
intervene,5,Verb
intimidate,5,Verb
intrigue,5,Verb
intriguing,5,Adjective
invaluable,5,Adjective
invasion,5,Noun
inventive,5,Adjective
investigate,5,Verb
invincible,5,Adjective
invoke,5,Verb
irresistible,5,Adjective
irritable,5,Adjective
isolate,5,Verb
isolation,5,Noun
jeopardize,5,Verb
jeopardy,5,Noun
joyous,5,Adjective
jubilee,5,Noun
judicial,5,Adjective
justice,5,Noun
justify,5,Verb
juvenile,5,Adjective
lavish,5,Adjective
legacy,5,Noun
legendary,5,Adjective
legible,5,Adjective
legislation,5,Noun
legitimate,5,Adjective
lethal,5,Adjective
liable,5,Adjective
liberal,5,Adjective
liberate,5,Verb
likelihood,5,Noun
limited,5,Adjective
linger,5,Verb
literacy,5,Noun
literal,5,Adjective
logic,5,Noun
logical,5,Adjective
loyalty,5,Noun
magnify,5,Verb
magnitude,5,Noun
majestic,5,Adjective
malicious,5,Adjective
maneuver,5,Verb
manipulate,5,Verb
manuscript,5,Noun
masterful,5,Adjective
masterpiece,5,Noun
meager,5,Adjective
mechanism,5,Noun
mediate,5,Verb
mediator,5,Noun
melancholy,5,Adjective
memorable,5,Adjective
memorial,5,Noun
menace,5,Noun
menacing,5,Adjective
merchant,5,Noun
merciful,5,Adjective
merciless,5,Adjective
merit,5,Noun
metaphor,5,Noun
meticulous,5,Adjective
migrate,5,Verb
migration,5,Noun
milestone,5,Noun
minimize,5,Verb
minority,5,Noun
misconception,5,Noun
miserly,5,Adjective
misery,5,Noun
misjudge,5,Verb
mislead,5,Verb
mobilize,5,Verb
moderate,5,Verb
modify,5,Verb
momentous,5,Adjective
momentum,5,Noun
monarchy,5,Noun
monopoly,5,Noun
monotony,5,Noun
monstrous,5,Adjective
monumental,5,Adjective
moral,5,Adjective
morale,5,Noun
motivation,5,Noun
mournful,5,Adjective
multitude,5,Noun
mutiny,5,Noun
naive,5,Adjective
narrative,5,Noun
navigate,5,Verb
negative,5,Adjective
negligence,5,Noun
negligent,5,Adjective
negotiate,5,Verb
neutrality,5,Noun
nimble,5,Adjective
nomination,5,Noun
notable,5,Adjective
notorious,5,Adjective
nourish,5,Verb
nourishing,5,Adjective
nourishment,5,Noun
novelty,5,Noun
nudge,5,Verb
nuisance,5,Noun
nurture,5,Verb
objective,5,Noun
obligation,5,Noun
oblige,5,Verb
obscure,5,Adjective
observant,5,Adjective
obstinate,5,Adjective
obstruct,5,Verb
occupation,5,Noun
offense,5,Noun
offensive,5,Adjective
ominous,5,Adjective
omission,5,Noun
opaque,5,Adjective
opposition,5,Noun
oppress,5,Verb
oppression,5,Noun
optimism,5,Noun
optimistic,5,Adjective
orchestra,5,Noun
organism,5,Noun
originality,5,Noun
originate,5,Verb
outburst,5,Noun
outlook,5,Noun
outstanding,5,Adjective
overflow,5,Noun
overhear,5,Verb
overlook,5,Verb
oversight,5,Noun
overthrow,5,Verb
overwhelm,5,Verb
overwhelming,5,Adjective
pageant,5,Noun
parallel,5,Noun
participate,5,Verb
patience,5,Noun
patriotism,5,Noun
penalty,5,Noun
perceive,5,Verb
perception,5,Noun
perfection,5,Noun
perilous,5,Adjective
perish,5,Verb
permanence,5,Noun
perpetual,5,Adjective
persist,5,Verb
persistence,5,Noun
persistent,5,Adjective
personality,5,Noun
perspective,5,Noun
persuasion,5,Noun
persuasive,5,Adjective
pertinent,5,Adjective
pessimism,5,Noun
petty,5,Adjective
phenomenon,5,Noun
philosophy,5,Noun
pierce,5,Verb
pitiful,5,Adjective
pity,5,Noun
placid,5,Adjective
plateau,5,Noun
pledge,5,Noun
plunder,5,Noun
poetic,5,Adjective
politics,5,Noun
popularity,5,Noun
portray,5,Verb
possess,5,Verb
postpone,5,Verb
potential,5,Noun
preach,5,Verb
precede,5,Verb
precision,5,Noun
predictable,5,Adjective
preferable,5,Adjective
preference,5,Noun
prejudice,5,Noun
preliminary,5,Adjective
premature,5,Adjective
preparation,5,Noun
prescribe,5,Verb
preservation,5,Noun
prestige,5,Noun
presume,5,Verb
presumption,5,Noun
prevail,5,Verb
prevalent,5,Adjective
prevention,5,Noun
priceless,5,Adjective
primitive,5,Adjective
principal,5,Adjective
principle,5,Noun
prior,5,Adjective
priority,5,Noun
probability,5,Noun
proclaim,5,Verb
proclamation,5,Noun
profession,5,Noun
proficiency,5,Noun
proficient,5,Adjective
profile,5,Noun
profit,5,Noun
profound,5,Adjective
prohibit,5,Verb
prohibition,5,Noun
projection,5,Noun
prominence,5,Noun
prominent,5,Adjective
promising,5,Adjective
promote,5,Verb
promotion,5,Noun
prompt,5,Verb
propel,5,Verb
proportion,5,Noun
prosper,5,Verb
prosperity,5,Noun
prosperous,5,Adjective
protective,5,Adjective
province,5,Noun
provoke,5,Verb
prudent,5,Adjective
pry,5,Verb
publish,5,Verb
pursuit,5,Noun
qualify,5,Verb
quarantine,5,Noun
quench,5,Verb
quest,5,Noun
radiance,5,Noun
radiant,5,Adjective
radius,5,Noun
ransom,5,Noun
rational,5,Adjective
ravenous,5,Adjective
rebellion,5,Noun
rebellious,5,Adjective
recall,5,Verb
recipient,5,Noun
recite,5,Verb
reckon,5,Verb
recline,5,Verb
recognition,5,Noun
recollection,5,Noun
recommendation,5,Noun
reconcile,5,Verb
reconciliation,5,Noun
recovery,5,Noun
recruit,5,Verb
refined,5,Adjective
reflection,5,Noun
reform,5,Noun
refrain,5,Verb
refuge,5,Noun
refusal,5,Noun
regretful,5,Adjective
regulate,5,Verb
regulation,5,Noun
rehearsal,5,Noun
reign,5,Noun
reinforce,5,Verb
rejection,5,Noun
rejoice,5,Verb
relentless,5,Adjective
relevance,5,Noun
relevant,5,Adjective
reliability,5,Noun
reluctance,5,Noun
remedy,5,Verb
reminisce,5,Verb
remnant,5,Noun
render,5,Verb
renew,5,Verb
renounce,5,Verb
repel,5,Verb
reproach,5,Verb
repulsive,5,Adjective
reputation,5,Noun
requirement,5,Noun
resemblance,5,Noun
resent,5,Verb
resentful,5,Adjective
reservation,5,Noun
reserved,5,Adjective
reside,5,Verb
resident,5,Noun
resign,5,Verb
resignation,5,Noun
resilient,5,Adjective
resistance,5,Noun
resolution,5,Noun
resolve,5,Verb
resourceful,5,Adjective
respectable,5,Adjective
responsibility,5,Noun
restrain,5,Verb
restraint,5,Noun
restrict,5,Verb
restriction,5,Noun
resume,5,Verb
retain,5,Verb
retrieve,5,Verb
revelation,5,Noun
revenge,5,Noun
revere,5,Verb
reverent,5,Adjective
reverse,5,Verb
revise,5,Verb
revive,5,Verb
revolt,5,Verb
revolution,5,Noun
rhythmic,5,Adjective
rigorous,5,Adjective
ritual,5,Noun
rivalry,5,Noun
robust,5,Adjective
romantic,5,Adjective
rudimentary,5,Adjective
salute,5,Verb
salvation,5,Noun
sanctuary,5,Noun
satisfaction,5,Noun
satisfactory,5,Adjective
savage,5,Adjective
scarcity,5,Noun
scenario,5,Noun
scheme,5,Noun
scholarship,5,Noun
scorn,5,Verb
scrawny,5,Adjective
scrutinize,5,Verb
scrutiny,5,Noun
security,5,Noun
selective,5,Adjective
sensation,5,Noun
sensational,5,Adjective
sequence,5,Noun
serene,5,Adjective
sermon,5,Noun
settlement,5,Noun
shameless,5,Adjective
shield,5,Verb
shrewd,5,Adjective
shrivel,5,Verb
shun,5,Verb
significance,5,Noun
signify,5,Verb
simplicity,5,Noun
simplify,5,Verb
simultaneous,5,Adjective
sincerity,5,Noun
singular,5,Adjective
situation,5,Noun
skeptical,5,Adjective
skirmish,5,Noun
slander,5,Verb
solemn,5,Adjective
solitude,5,Noun
somber,5,Adjective
soothe,5,Verb
sophisticated,5,Adjective
sophistication,5,Noun
sovereign,5,Noun
specify,5,Verb
specimen,5,Noun
spectator,5,Noun
speculate,5,Verb
spontaneous,5,Adjective
squander,5,Verb
stability,5,Noun
stable,5,Adjective
stamina,5,Noun
standard,5,Noun
stationary,5,Adjective
statistic,5,Noun
steadfast,5,Adjective
stifle,5,Verb
stimulate,5,Verb
strenuous,5,Adjective
strive,5,Verb
stupendous,5,Adjective
stylish,5,Adjective
submerge,5,Verb
submission,5,Noun
submit,5,Verb
subordinate,5,Adjective
subscribe,5,Verb
subsequent,5,Adjective
subside,5,Verb
substitute,5,Verb
subtlety,5,Noun
suburb,5,Noun
successful,5,Adjective
succession,5,Noun
suffice,5,Verb
sufficiency,5,Noun
suffocate,5,Verb
sullen,5,Adjective
sumptuous,5,Adjective
superficial,5,Adjective
superiority,5,Noun
supervise,5,Verb
supervision,5,Noun
supplement,5,Verb
suppress,5,Verb
supreme,5,Adjective
surge,5,Verb
surpass,5,Verb
surplus,5,Noun
suspend,5,Verb
suspense,5,Noun
suspicious,5,Adjective
sustain,5,Verb
sustainable,5,Adjective
swerve,5,Verb
symbolize,5,Verb
sympathetic,5,Adjective
sympathize,5,Verb
sympathy,5,Noun
symphony,5,Noun
syndrome,5,Noun
synthesis,5,Noun
systematic,5,Adjective
tactic,5,Noun
tamper,5,Verb
tariff,5,Noun
temptation,5,Noun
tendency,5,Noun
terminate,5,Verb
testify,5,Verb
testimony,5,Noun
theatrical,5,Adjective
thrash,5,Verb
threatening,5,Adjective
threshold,5,Noun
timeless,5,Adjective
tolerable,5,Adjective
tolerance,5,Noun
tolerant,5,Adjective
tolerate,5,Verb
torment,5,Verb
traitor,5,Noun
tranquil,5,Adjective
transaction,5,Noun
transition,5,Noun
transmit,5,Verb
transparent,5,Adjective
treacherous,5,Adjective
treason,5,Noun
treaty,5,Noun
tremor,5,Noun
trivial,5,Adjective
troublesome,5,Adjective
turbulent,5,Adjective
turmoil,5,Noun
tyranny,5,Noun
unanimous,5,Adjective
unbearable,5,Adjective
uncertain,5,Adjective
uncertainty,5,Noun
uncomfortable,5,Adjective
uncommon,5,Adjective
unconscious,5,Adjective
undergo,5,Verb
undertake,5,Verb
unexpected,5,Adjective
unfamiliar,5,Adjective
unfavorable,5,Adjective
unify,5,Verb
union,5,Noun
unjust,5,Adjective
unleash,5,Verb
unnecessary,5,Adjective
unpleasant,5,Adjective
unpredictable,5,Adjective
unravel,5,Verb
unreasonable,5,Adjective
unreliable,5,Adjective
unruly,5,Adjective
unstable,5,Adjective
uphold,5,Verb
utensil,5,Noun
utility,5,Noun
utilize,5,Verb
utopia,5,Noun
utter,5,Verb
vacancy,5,Noun
valiant,5,Adjective
valor,5,Noun
variation,5,Noun
variety,5,Noun
vengeance,5,Noun
vengeful,5,Adjective
verdict,5,Noun
verify,5,Verb
versatile,5,Adjective
vibrant,5,Adjective
vibrate,5,Verb
victorious,5,Adjective
vigor,5,Noun
vigorous,5,Adjective
violate,5,Verb
violation,5,Noun
virtue,5,Noun
virtuous,5,Adjective
vision,5,Noun
vitality,5,Noun
vocal,5,Adjective
vocation,5,Noun
voluntary,5,Adjective
vulnerable,5,Adjective
warrant,5,Noun
warranty,5,Noun
welfare,5,Noun
whimper,5,Verb
whimsical,5,Adjective
wholesome,5,Adjective
widen,5,Verb
widespread,5,Adjective
wield,5,Verb
wily,5,Adjective
withhold,5,Verb
withstand,5,Verb
wondrous,5,Adjective
yearn,5,Verb
yearning,5,Noun
zeal,5,Noun
abide,6,Verb
abnormal,6,Adjective
abolition,6,Noun
abound,6,Verb
abrasive,6,Adjective
absolve,6,Verb
abstain,6,Verb
abstract,6,Adjective
academic,6,Adjective
academy,6,Noun
accelerate,6,Verb
acceptable,6,Adjective
accessible,6,Adjective
accidental,6,Adjective
accolade,6,Noun
accord,6,Noun
adamant,6,Adjective
adaptable,6,Adjective
adaptation,6,Noun
adhere,6,Verb
adhesive,6,Adjective
adjacent,6,Adjective
adjourn,6,Verb
admonish,6,Verb
adolescent,6,Adjective
adversary,6,Noun
adversity,6,Noun
affiliate,6,Verb
affiliation,6,Noun
affinity,6,Noun
affirm,6,Verb
affirmation,6,Noun
afflict,6,Verb
aftermath,6,Noun
aggravate,6,Verb
aggression,6,Noun
agitate,6,Verb
alien,6,Adjective
alienate,6,Verb
alignment,6,Noun
allege,6,Verb
allegiance,6,Noun
alleviate,6,Verb
alliance,6,Noun
allocate,6,Verb
allocation,6,Noun
allude,6,Verb
allusion,6,Noun
amass,6,Verb
ambiguity,6,Noun
ambiguous,6,Adjective
amendment,6,Noun
amiable,6,Adjective
amnesty,6,Noun
ample,6,Adjective
amplify,6,Verb
analogy,6,Noun
analytical,6,Adjective
anarchy,6,Noun
anecdote,6,Noun
animosity,6,Noun
annex,6,Verb
annul,6,Verb
anomaly,6,Noun
anonymous,6,Adjective
antagonist,6,Noun
antagonistic,6,Adjective
antagonize,6,Verb
anthology,6,Noun
antiquity,6,Noun
appealing,6,Adjective
appraisal,6,Noun
apprehend,6,Verb
approximate,6,Adjective
aptitude,6,Noun
arbitrary,6,Adjective
arbitration,6,Noun
archive,6,Noun
aristocracy,6,Noun
armistice,6,Noun
aromatic,6,Adjective
array,6,Noun
articulate,6,Adjective
articulation,6,Noun
ascend,6,Verb
ascent,6,Noun
ascertain,6,Verb
aspiration,6,Noun
aspire,6,Verb
assail,6,Verb
assertion,6,Noun
assertive,6,Adjective
assess,6,Verb
assessment,6,Noun
asset,6,Noun
assimilate,6,Verb
astonish,6,Verb
astound,6,Verb
astronomical,6,Adjective
astute,6,Adjective
atrocious,6,Adjective
atrocity,6,Noun
audacious,6,Adjective
augment,6,Verb
authenticate,6,Verb
authenticity,6,Noun
authoritative,6,Adjective
autonomous,6,Adjective
autonomy,6,Noun
avalanche,6,Noun
avert,6,Verb
aviation,6,Noun
avid,6,Adjective
backlash,6,Noun
banish,6,Verb
barbaric,6,Adjective
barometer,6,Noun
barrage,6,Noun
befall,6,Verb
belittle,6,Verb
benefactor,6,Noun
benevolence,6,Noun
benign,6,Adjective
bequeath,6,Verb
bestow,6,Verb
biased,6,Adjective
blatant,6,Adjective
blueprint,6,Noun
boisterous,6,Adjective
bolster,6,Verb
bondage,6,Noun
brandish,6,Verb
breakthrough,6,Noun
brevity,6,Noun
brink,6,Noun
broaden,6,Verb
brotherhood,6,Noun
buoyant,6,Adjective
bureaucracy,6,Noun
calamity,6,Noun
caliber,6,Noun
calibrate,6,Verb
camaraderie,6,Noun
camouflage,6,Verb
capacity,6,Noun
cardinal,6,Adjective
cascade,6,Noun
catalog,6,Noun
catalyst,6,Noun
catastrophe,6,Noun
catastrophic,6,Adjective
categorize,6,Verb
caucus,6,Noun
censure,6,Verb
census,6,Noun
certainty,6,Noun
cessation,6,Noun
chancellor,6,Noun
chaos,6,Noun
chasm,6,Noun
chastise,6,Verb
chronicle,6,Noun
circumvent,6,Verb
citadel,6,Noun
civility,6,Noun
clamor,6,Noun
clause,6,Noun
clemency,6,Noun
coalition,6,Noun
coerce,6,Verb
coexist,6,Verb
cognition,6,Noun
coherence,6,Noun
coherent,6,Adjective
cohesion,6,Noun
coincidental,6,Adjective
collateral,6,Noun
collective,6,Adjective
combative,6,Adjective
combustion,6,Noun
comical,6,Adjective
commemorate,6,Verb
commemoration,6,Noun
commission,6,Verb
commodity,6,Noun
communal,6,Adjective
comparable,6,Adjective
compelling,6,Adjective
competitive,6,Adjective
compilation,6,Noun
complement,6,Noun
complementary,6,Adjective
compliance,6,Noun
compliant,6,Adjective
component,6,Noun
composed,6,Adjective
composure,6,Noun
comprise,6,Verb
compulsion,6,Noun
compulsive,6,Adjective
conceivable,6,Adjective
concession,6,Noun
concrete,6,Adjective
condemnation,6,Noun
condense,6,Verb
condescending,6,Adjective
condolence,6,Noun
condone,6,Verb
conducive,6,Adjective
confederation,6,Noun
confide,6,Verb
configure,6,Verb
confiscate,6,Verb
confiscation,6,Noun
conform,6,Verb
conformist,6,Adjective
conformity,6,Noun
confound,6,Verb
confrontation,6,Noun
congestion,6,Noun
congregate,6,Verb
conjecture,6,Noun
conjure,6,Verb
connoisseur,6,Noun
connotation,6,Noun
conscientious,6,Adjective
consecrate,6,Verb
consecutive,6,Adjective
consensus,6,Noun
consequential,6,Adjective
conservative,6,Adjective
consolidate,6,Verb
consolidation,6,Noun
constellation,6,Noun
constituent,6,Noun
constrain,6,Verb
constructive,6,Adjective
contagion,6,Noun
contaminate,6,Verb
contamination,6,Noun
contemplation,6,Noun
contemptuous,6,Adjective
contend,6,Verb
contention,6,Noun
context,6,Noun
continual,6,Adjective
continuity,6,Noun
contour,6,Noun
contradictory,6,Adjective
contrast,6,Noun
contrivance,6,Noun
contrive,6,Verb
conundrum,6,Noun
convene,6,Verb
converge,6,Verb
convergence,6,Noun
convict,6,Verb
convincing,6,Adjective
convoy,6,Noun
cooperative,6,Adjective
cordial,6,Adjective
correlation,6,Noun
corridor,6,Noun
corroborate,6,Verb
corrosion,6,Noun
corrosive,6,Adjective
corruption,6,Noun
counteract,6,Verb
counterpart,6,Noun
coup,6,Noun
covenant,6,Noun
coverage,6,Noun
covert,6,Adjective
cower,6,Verb
credibility,6,Noun
crescendo,6,Noun
cripple,6,Verb
critique,6,Noun
cryptic,6,Adjective
culminate,6,Verb
culmination,6,Noun
culpable,6,Adjective
culprit,6,Noun
cumulative,6,Adjective
curb,6,Verb
currency,6,Noun
curt,6,Adjective
curtail,6,Verb
custodian,6,Noun
cynicism,6,Noun
daunt,6,Verb
debacle,6,Noun
debris,6,Noun
debut,6,Noun
deceit,6,Noun
deceptive,6,Adjective
decipher,6,Verb
declaim,6,Verb
decompose,6,Verb
decorative,6,Adjective
decree,6,Noun
deduce,6,Verb
deduction,6,Noun
deem,6,Verb
deface,6,Verb
defame,6,Verb
defect,6,Noun
defer,6,Verb
deferential,6,Adjective
deficient,6,Adjective
deficit,6,Noun
defile,6,Verb
define,6,Verb
definite,6,Adjective
definitive,6,Adjective
deflect,6,Verb
defraud,6,Verb
degradation,6,Noun
degrade,6,Verb
dehydrate,6,Verb
deity,6,Noun
delegation,6,Noun
deliberation,6,Noun
delineate,6,Verb
delirious,6,Adjective
deluge,6,Noun
democratic,6,Adjective
demolish,6,Verb
demolition,6,Noun
denomination,6,Noun
denote,6,Verb
denunciation,6,Noun
deplete,6,Verb
deployment,6,Noun
deport,6,Verb
deportation,6,Noun
depose,6,Verb
depress,6,Verb
deprivation,6,Noun
deprived,6,Adjective
deputy,6,Noun
descent,6,Noun
descriptive,6,Adjective
designation,6,Noun
desirable,6,Adjective
desolation,6,Noun
despair,6,Noun
despot,6,Noun
destitute,6,Adjective
detached,6,Adjective
detain,6,Verb
deter,6,Verb
deteriorate,6,Verb
deterioration,6,Noun
deterrent,6,Noun
detest,6,Verb
detonate,6,Verb
detract,6,Verb
detriment,6,Noun
detrimental,6,Adjective
deviant,6,Adjective
deviate,6,Verb
deviation,6,Noun
devotion,6,Noun
devour,6,Verb
diagnosis,6,Noun
diagonal,6,Adjective
dictate,6,Verb
dictator,6,Noun
dictatorship,6,Noun
differentiate,6,Verb
differentiation,6,Noun
diffuse,6,Verb
diffusion,6,Noun
digress,6,Verb
diligence,6,Noun
diminutive,6,Adjective
diplomacy,6,Noun
directive,6,Noun
disarmament,6,Noun
disband,6,Verb
discernible,6,Adjective
disciplined,6,Adjective
disconcerting,6,Adjective
discontinue,6,Verb
discord,6,Noun
discourse,6,Noun
discredit,6,Verb
discreet,6,Adjective
discrepancy,6,Noun
discretion,6,Noun
disengage,6,Verb
disfigure,6,Verb
disgruntled,6,Adjective
dishearten,6,Verb
disheartening,6,Adjective
disillusionment,6,Noun
disintegrate,6,Verb
disintegration,6,Noun
dislodge,6,Verb
disorderly,6,Adjective
disparaging,6,Adjective
dispersal,6,Noun
displace,6,Verb
disposition,6,Noun
disproportionate,6,Adjective
disprove,6,Verb
disqualify,6,Verb
disreputable,6,Adjective
disrupt,6,Verb
disruption,6,Noun
disruptive,6,Adjective
dissect,6,Verb
disseminate,6,Verb
dissent,6,Noun
dissipate,6,Verb
dissuade,6,Verb
distortion,6,Noun
distraught,6,Adjective
diverge,6,Verb
divergence,6,Noun
diversify,6,Verb
diversion,6,Noun
divinity,6,Noun
divisive,6,Adjective
divulge,6,Verb
docile,6,Adjective
doctrine,6,Noun
domestic,6,Adjective
dominion,6,Noun
donor,6,Noun
dormant,6,Adjective
draft,6,Noun
dubious,6,Adjective
dutiful,6,Adjective
dwindle,6,Verb
dynamics,6,Noun
eclectic,6,Adjective
edict,6,Noun
effortless,6,Adjective
egotistical,6,Adjective
elapse,6,Verb
elated,6,Adjective
elementary,6,Adjective
elevate,6,Verb
elevated,6,Adjective
elevation,6,Noun
elicit,6,Verb
eliminate,6,Verb
elimination,6,Noun
elude,6,Verb
elusive,6,Adjective
emancipate,6,Verb
emancipation,6,Noun
embargo,6,Noun
embark,6,Verb
embellish,6,Verb
embellishment,6,Noun
emblem,6,Noun
embodiment,6,Noun
embody,6,Verb
emergence,6,Noun
emigrate,6,Verb
emigration,6,Noun
eminence,6,Noun
emit,6,Verb
empathize,6,Verb
empathy,6,Noun
emphatic,6,Adjective
emulate,6,Verb
enact,6,Verb
enactment,6,Noun
encircle,6,Verb
encompass,6,Verb
encroach,6,Verb
encyclopedia,6,Noun
endorsement,6,Noun
endow,6,Verb
endowment,6,Noun
enduring,6,Adjective
energize,6,Verb
engrave,6,Verb
engross,6,Verb
enigma,6,Noun
enigmatic,6,Adjective
enlist,6,Verb
enmity,6,Noun
enrage,6,Verb
enroll,6,Verb
ensemble,6,Noun
ensnare,6,Verb
ensue,6,Verb
ensure,6,Verb
entail,6,Verb
entangle,6,Verb
enterprising,6,Adjective
enthrall,6,Verb
entice,6,Verb
entirety,6,Noun
entity,6,Noun
entrust,6,Verb
enumerate,6,Verb
envelop,6,Verb
enviable,6,Adjective
environmental,6,Adjective
epidemic,6,Noun
epilogue,6,Noun
equate,6,Verb
equilibrium,6,Noun
equitable,6,Adjective
equivalence,6,Noun
equivalent,6,Adjective
eradicate,6,Verb
eradication,6,Noun
erect,6,Verb
erode,6,Verb
erosion,6,Noun
erratic,6,Adjective
erroneous,6,Adjective
erupt,6,Verb
eruption,6,Noun
escalate,6,Verb
escalation,6,Noun
eschew,6,Verb
espionage,6,Noun
estrange,6,Verb
ethics,6,Noun
ethnic,6,Adjective
ethnicity,6,Noun
eulogy,6,Noun
euphoria,6,Noun
euphoric,6,Adjective
evacuation,6,Noun
evade,6,Verb
evaporate,6,Verb
evasive,6,Adjective
eventful,6,Adjective
evict,6,Verb
evoke,6,Verb
exalt,6,Verb
exasperate,6,Verb
exasperating,6,Adjective
excavate,6,Verb
excavation,6,Noun
excerpt,6,Noun
exclusion,6,Noun
excursion,6,Noun
executive,6,Noun
exemplary,6,Adjective
exemplify,6,Verb
exempt,6,Verb
exemption,6,Noun
exhale,6,Verb
exhaustive,6,Adjective
exhibition,6,Noun
exhilarating,6,Adjective
exhort,6,Verb
exile,6,Noun
exonerate,6,Verb
expanse,6,Noun
expectancy,6,Noun
expedient,6,Adjective
expedite,6,Verb
expend,6,Verb
expenditure,6,Noun
experimental,6,Adjective
explicit,6,Adjective
exploitation,6,Noun
exploratory,6,Adjective
exposition,6,Noun
expound,6,Verb
exquisite,6,Adjective
exterminate,6,Verb
extermination,6,Noun
extinct,6,Adjective
extinguish,6,Verb
extol,6,Verb
extort,6,Verb
extremity,6,Noun
extricate,6,Verb
exuberant,6,Adjective
exude,6,Verb
fabrication,6,Noun
facilitate,6,Verb
faction,6,Noun
fallacy,6,Noun
falsify,6,Verb
falter,6,Verb
fanatical,6,Adjective
fanaticism,6,Noun
fathom,6,Verb
fatigued,6,Adjective
faulty,6,Adjective
feasibility,6,Noun
feasible,6,Adjective
federation,6,Noun
ferment,6,Verb
fester,6,Verb
feud,6,Noun
fictitious,6,Adjective
fidelity,6,Noun
figurative,6,Adjective
finale,6,Noun
finite,6,Adjective
flamboyant,6,Adjective
flaunt,6,Verb
flexibility,6,Noun
flounder,6,Verb
fluctuate,6,Verb
fluctuating,6,Adjective
fluctuation,6,Noun
foliage,6,Noun
forage,6,Verb
forbidding,6,Adjective
forego,6,Verb
foremost,6,Adjective
foresight,6,Noun
forestall,6,Verb
forge,6,Verb
formality,6,Noun
formation,6,Noun
formulate,6,Verb
formulation,6,Noun
forthright,6,Adjective
fortification,6,Noun
fortify,6,Verb
fortitude,6,Noun
foster,6,Verb
fracture,6,Verb
fragmentary,6,Adjective
fragmentation,6,Noun
fraternity,6,Noun
fraudulent,6,Adjective
frenzied,6,Adjective
friction,6,Noun
frugal,6,Adjective
fruitful,6,Adjective
frustrate,6,Verb
frustrating,6,Adjective
fugitive,6,Noun
functional,6,Adjective
fusion,6,Noun
futility,6,Noun
gallant,6,Adjective
galvanize,6,Verb
garner,6,Verb
garrison,6,Noun
generic,6,Adjective
genial,6,Adjective
genocide,6,Noun
germinate,6,Verb
gleeful,6,Adjective
glorify,6,Verb
glossary,6,Noun
grandiose,6,Adjective
graphic,6,Adjective
gratification,6,Noun
gravitate,6,Verb
grievous,6,Adjective
grotesque,6,Adjective
grovel,6,Verb
grueling,6,Adjective
guideline,6,Noun
habitual,6,Adjective
haggard,6,Adjective
harass,6,Verb
harrowing,6,Adjective
hasten,6,Verb
haughty,6,Adjective
heighten,6,Verb
heinous,6,Adjective
hereditary,6,Adjective
hierarchical,6,Adjective
hoard,6,Verb
homage,6,Noun
homogeneous,6,Adjective
hospitality,6,Noun
humane,6,Adjective
humdrum,6,Adjective
hybrid,6,Noun
hygiene,6,Noun
hyperbole,6,Noun
hypocrisy,6,Noun
hypocritical,6,Adjective
hypothesize,6,Verb
hypothetical,6,Adjective
idealistic,6,Adjective
ideology,6,Noun
idiom,6,Noun
idiomatic,6,Adjective
idolize,6,Verb
illegible,6,Adjective
illegitimate,6,Adjective
illicit,6,Adjective
illumination,6,Noun
illustrious,6,Adjective
imaginative,6,Adjective
immaterial,6,Adjective
immeasurable,6,Adjective
immensity,6,Noun
immigrate,6,Verb
immigration,6,Noun
imminence,6,Noun
immobile,6,Adjective
immune,6,Adjective
immunity,6,Noun
impair,6,Verb
impart,6,Verb
impasse,6,Noun
impassioned,6,Adjective
impeach,6,Verb
impeccable,6,Adjective
impede,6,Verb
impediment,6,Noun
impenetrable,6,Adjective
imperative,6,Noun
imperial,6,Adjective
impertinent,6,Adjective
implant,6,Verb
implausible,6,Adjective
implement,6,Noun
implicate,6,Verb
implication,6,Noun
implicit,6,Adjective
implore,6,Verb
imposing,6,Adjective
imposition,6,Noun
impoverish,6,Verb
impoverished,6,Adjective
imprecise,6,Adjective
imprint,6,Verb
improbable,6,Adjective
impromptu,6,Adjective
improvised,6,Adjective
impudent,6,Adjective
inaccessible,6,Adjective
inactive,6,Adjective
inadvertent,6,Adjective
inanimate,6,Adjective
inappropriate,6,Adjective
inarticulate,6,Adjective
inaudible,6,Adjective
incandescent,6,Adjective
incapacitate,6,Verb
incarnation,6,Noun
incessant,6,Adjective
incidental,6,Adjective
incinerate,6,Verb
incite,6,Verb
inclination,6,Noun
inclusive,6,Adjective
incoherent,6,Adjective
incomparable,6,Adjective
incompatible,6,Adjective
incompetence,6,Noun
incomprehensible,6,Adjective
inconceivable,6,Adjective
inconclusive,6,Adjective
incongruous,6,Adjective
inconsequential,6,Adjective
inconsiderate,6,Adjective
inconsistency,6,Noun
inconspicuous,6,Adjective
increment,6,Noun
incremental,6,Adjective
incriminate,6,Verb
incubate,6,Verb
incurable,6,Adjective
indecisive,6,Adjective
indelible,6,Adjective
indescribable,6,Adjective
indestructible,6,Adjective
indict,6,Verb
indifference,6,Noun
indigenous,6,Adjective
indignation,6,Noun
indisputable,6,Adjective
indistinct,6,Adjective
indoctrinate,6,Verb
indomitable,6,Adjective
induction,6,Noun
indulgent,6,Adjective
inept,6,Adjective
inert,6,Adjective
inertia,6,Noun
inexpensive,6,Adjective
inexperienced,6,Adjective
inexplicable,6,Adjective
infallible,6,Adjective
infatuate,6,Verb
inference,6,Noun
infest,6,Verb
infiltrate,6,Verb
infiltration,6,Noun
infinity,6,Noun
inflame,6,Verb
inflammatory,6,Adjective
inflation,6,Noun
inflexible,6,Adjective
influx,6,Noun
informative,6,Adjective
infrastructure,6,Noun
infrequent,6,Adjective
infringe,6,Verb
infuriate,6,Verb
infuse,6,Verb
ingenuity,6,Noun
ingest,6,Verb
inglorious,6,Adjective
inherent,6,Adjective
inheritance,6,Noun
inhibition,6,Noun
inhospitable,6,Adjective
inhuman,6,Adjective
initial,6,Adjective
injunction,6,Noun
innate,6,Adjective
innocuous,6,Adjective
innovative,6,Adjective
innumerable,6,Adjective
inoculate,6,Verb
inordinate,6,Adjective
insatiable,6,Adjective
inscription,6,Noun
insidious,6,Adjective
insignia,6,Noun
insincere,6,Adjective
insinuate,6,Verb
insistent,6,Adjective
insolence,6,Noun
insolent,6,Adjective
inspection,6,Noun
inspirational,6,Adjective
instantaneous,6,Adjective
instigate,6,Verb
instill,6,Verb
instinctive,6,Adjective
institute,6,Verb
insufferable,6,Adjective
insufficiency,6,Noun
insufficient,6,Adjective
insular,6,Adjective
insulate,6,Verb
insurgency,6,Noun
insurrection,6,Noun
intangible,6,Adjective
integral,6,Adjective
integration,6,Noun
intellectual,6,Adjective
intelligible,6,Adjective
intensify,6,Verb
intercede,6,Verb
intercept,6,Verb
interception,6,Noun
interference,6,Noun
interim,6,Noun
interject,6,Verb
interlude,6,Noun
interminable,6,Adjective
intermittent,6,Adjective
interrogate,6,Verb
interrogation,6,Noun
intersect,6,Verb
intersection,6,Noun
intervention,6,Noun
intimacy,6,Noun
intimate,6,Adjective
intimidation,6,Noun
intolerable,6,Adjective
intolerance,6,Noun
intolerant,6,Adjective
intoxicate,6,Verb
intricacy,6,Noun
intricate,6,Adjective
intrinsic,6,Adjective
introspective,6,Adjective
introverted,6,Adjective
intrusive,6,Adjective
intuition,6,Noun
intuitive,6,Adjective
inundate,6,Verb
invariable,6,Adjective
invasive,6,Adjective
inventory,6,Noun
inversion,6,Noun
investment,6,Noun
invigorate,6,Verb
invigorating,6,Adjective
involuntary,6,Adjective
involvement,6,Noun
irate,6,Adjective
irksome,6,Adjective
ironic,6,Adjective
irrational,6,Adjective
irrefutable,6,Adjective
irrelevant,6,Adjective
irreparable,6,Adjective
irreplaceable,6,Adjective
irrepressible,6,Adjective
irreverent,6,Adjective
irreversible,6,Adjective
irrevocable,6,Adjective
irrigate,6,Verb
irritate,6,Verb
jostle,6,Verb
jovial,6,Adjective
jubilant,6,Adjective
jubilation,6,Noun
judiciary,6,Noun
judicious,6,Adjective
juggle,6,Verb
juncture,6,Noun
jurisdiction,6,Noun
justification,6,Noun
juxtapose,6,Verb
juxtaposition,6,Noun
kindle,6,Verb
kinship,6,Noun
knowledgeable,6,Adjective
laborious,6,Adjective
lamentable,6,Adjective
lamentation,6,Noun
languid,6,Adjective
languish,6,Verb
lapse,6,Verb
latent,6,Adjective
latitude,6,Noun
lax,6,Adjective
legalize,6,Verb
legislate,6,Verb
legitimacy,6,Noun
lenient,6,Adjective
lethargic,6,Adjective
liability,6,Noun
liberation,6,Noun
limitation,6,Noun
limitless,6,Adjective
lineage,6,Noun
lingering,6,Adjective
linguistics,6,Noun
liquidate,6,Verb
liquidation,6,Noun
literate,6,Adjective
livid,6,Adjective
loathe,6,Verb
locality,6,Noun
longevity,6,Noun
lucid,6,Adjective
lucidity,6,Noun
lucrative,6,Adjective
ludicrous,6,Adjective
luminous,6,Adjective
luxuriant,6,Adjective
machination,6,Noun
magnetic,6,Adjective
maintenance,6,Noun
malevolent,6,Adjective
malfunction,6,Noun
malice,6,Noun
malleable,6,Adjective
manageable,6,Adjective
mandate,6,Noun
mandatory,6,Adjective
manifest,6,Verb
manifestation,6,Noun
manifesto,6,Noun
manipulation,6,Noun
manipulative,6,Adjective
marginal,6,Adjective
masquerade,6,Noun
materialism,6,Noun
materialize,6,Verb
maternal,6,Adjective
maturity,6,Noun
maxim,6,Noun
maximize,6,Verb
meander,6,Verb
mediation,6,Noun
mediocre,6,Adjective
mediocrity,6,Noun
meditation,6,Noun
meditative,6,Adjective
melodic,6,Adjective
melodramatic,6,Adjective
memoir,6,Noun
memorialize,6,Verb
mentor,6,Noun
mercenary,6,Noun
merge,6,Verb
metabolism,6,Noun
metamorphosis,6,Noun
methodology,6,Noun
metropolis,6,Noun
militate,6,Verb
militia,6,Noun
millennium,6,Noun
mimicry,6,Noun
ministry,6,Noun
minute,6,Adjective
miraculous,6,Adjective
mischievous,6,Adjective
misconstrue,6,Verb
misfortune,6,Noun
misguided,6,Adjective
mishap,6,Noun
misinterpret,6,Verb
misinterpretation,6,Noun
mitigate,6,Verb
mobile,6,Adjective
mockery,6,Noun
moderation,6,Noun
modification,6,Noun
modular,6,Adjective
module,6,Noun
mollify,6,Verb
momentary,6,Adjective
monastic,6,Adjective
monologue,6,Noun
monopolize,6,Verb
monotonous,6,Adjective
moody,6,Adjective
morality,6,Noun
moralize,6,Verb
moratorium,6,Noun
morbid,6,Adjective
mosaic,6,Noun
motivate,6,Verb
multiple,6,Adjective
mundane,6,Adjective
municipal,6,Adjective
municipality,6,Noun
murky,6,Adjective
muster,6,Verb
mutate,6,Verb
mutation,6,Noun
mutilate,6,Verb
mutual,6,Adjective
mythology,6,Noun
narration,6,Noun
nationality,6,Noun
nautical,6,Adjective
negate,6,Verb
negation,6,Noun
negligible,6,Adjective
negotiable,6,Adjective
negotiation,6,Noun
neutralize,6,Verb
nocturnal,6,Adjective
nominal,6,Adjective
nominate,6,Verb
nominee,6,Noun
nonchalant,6,Adjective
nondescript,6,Adjective
nonsensical,6,Adjective
nostalgia,6,Noun
nostalgic,6,Adjective
noteworthy,6,Adjective
notification,6,Noun
notify,6,Verb
notion,6,Noun
notoriety,6,Noun
novel,6,Adjective
noxious,6,Adjective
nuance,6,Noun
nucleus,6,Noun
nullification,6,Noun
nullify,6,Verb
nutritious,6,Adjective
obedience,6,Noun
obituary,6,Noun
objection,6,Noun
obligate,6,Verb
obligatory,6,Adjective
oblique,6,Adjective
obliterate,6,Verb
oblivion,6,Noun
obnoxious,6,Adjective
obscurity,6,Noun
observance,6,Noun
observatory,6,Noun
obsess,6,Verb
obsession,6,Noun
obsessive,6,Adjective
obsolescence,6,Noun
obsolete,6,Adjective
obstruction,6,Noun
obtrusive,6,Adjective
occasional,6,Adjective
occurrence,6,Noun
officiate,6,Verb
omen,6,Noun
omnipotent,6,Adjective
omnipresent,6,Adjective
omniscient,6,Adjective
onerous,6,Adjective
onset,6,Noun
opacity,6,Noun
opportune,6,Adjective
oppressive,6,Adjective
optimal,6,Adjective
optimize,6,Verb
optional,6,Adjective
oration,6,Noun
orchestrate,6,Verb
ordain,6,Verb
ordeal,6,Noun
organic,6,Adjective
orient,6,Verb
orientation,6,Noun
origin,6,Noun
ornament,6,Noun
ornamental,6,Adjective
ornate,6,Adjective
orthodox,6,Adjective
orthodoxy,6,Noun
oscillate,6,Verb
ostracize,6,Verb
oust,6,Verb
outbreak,6,Noun
outlandish,6,Adjective
outlet,6,Noun
output,6,Noun
outrage,6,Noun
outspoken,6,Adjective
overbearing,6,Adjective
overhaul,6,Noun
overlap,6,Verb
overpower,6,Verb
override,6,Verb
overrule,6,Verb
overshadow,6,Verb
overt,6,Adjective
overtake,6,Verb
overturn,6,Verb
ozone,6,Noun
pacify,6,Verb
pact,6,Noun
painstaking,6,Adjective
palatable,6,Adjective
palpable,6,Adjective
pandemic,6,Noun
panorama,6,Noun
paradox,6,Noun
paradoxical,6,Adjective
paragraph,6,Noun
paralysis,6,Noun
paralyze,6,Verb
paramount,6,Adjective
paranoia,6,Noun
parasitic,6,Adjective
parchment,6,Noun
parody,6,Noun
partake,6,Verb
participant,6,Noun
partisan,6,Adjective
partition,6,Noun
partnership,6,Noun
passive,6,Adjective
pastoral,6,Adjective
paternal,6,Adjective
pathetic,6,Adjective
patriotic,6,Adjective
patronage,6,Noun
pedestrian,6,Noun
penalize,6,Verb
penance,6,Noun
pendulum,6,Noun
penetrate,6,Verb
penetrating,6,Adjective
penetration,6,Noun
peninsula,6,Noun
pensive,6,Adjective
perceptible,6,Adjective
perceptive,6,Adjective
perennial,6,Adjective
perforate,6,Verb
perimeter,6,Noun
peripheral,6,Adjective
periphery,6,Noun
perishable,6,Adjective
permeable,6,Adjective
permeate,6,Verb
permissible,6,Adjective
perpendicular,6,Adjective
perpetrate,6,Verb
perpetuate,6,Verb
perplexing,6,Adjective
persecute,6,Verb
persecution,6,Noun
perseverance,6,Noun
persevere,6,Verb
persona,6,Noun
personable,6,Adjective
personify,6,Verb
personnel,6,Noun
pertain,6,Verb
peruse,6,Verb
pervade,6,Verb
pervasive,6,Adjective
perverse,6,Adjective
pessimistic,6,Adjective
petition,6,Verb
petulant,6,Adjective
phantom,6,Noun
phenomenal,6,Adjective
philanthropic,6,Adjective
philanthropy,6,Noun
philosophical,6,Adjective
physique,6,Noun
picturesque,6,Adjective
pillage,6,Verb
pinnacle,6,Noun
pinpoint,6,Verb
pious,6,Adjective
pivotal,6,Adjective
placate,6,Verb
plagiarize,6,Verb
plausible,6,Adjective
plea,6,Noun
pliable,6,Adjective
plight,6,Noun
plummet,6,Verb
pluralism,6,Noun
poignant,6,Adjective
poised,6,Adjective
polarity,6,Noun
political,6,Adjective
politician,6,Noun
pollination,6,Noun
pompous,6,Adjective
ponderous,6,Adjective
populace,6,Noun
populous,6,Adjective
portfolio,6,Noun
portrayal,6,Noun
postulate,6,Verb
posture,6,Noun
potency,6,Noun
potent,6,Adjective
pragmatic,6,Adjective
precarious,6,Adjective
precedent,6,Noun
precept,6,Noun
precipitate,6,Verb
precipitation,6,Noun
preclude,6,Verb
predator,6,Noun
predatory,6,Adjective
predecessor,6,Noun
predetermine,6,Verb
predicament,6,Noun
predominant,6,Adjective
predominate,6,Verb
preeminent,6,Adjective
preempt,6,Verb
preface,6,Noun
prejudiced,6,Adjective
premeditate,6,Verb
premise,6,Noun
premonition,6,Noun
preoccupation,6,Noun
preoccupied,6,Adjective
preoccupy,6,Verb
preposterous,6,Adjective
prerequisite,6,Noun
prerogative,6,Noun
prescription,6,Noun
preside,6,Verb
prestigious,6,Adjective
presumptuous,6,Adjective
pretense,6,Noun
pretentious,6,Adjective
prevalence,6,Noun
primal,6,Adjective
primeval,6,Adjective
pristine,6,Adjective
privation,6,Noun
probation,6,Noun
problematic,6,Adjective
proceeding,6,Noun
procrastinate,6,Verb
procure,6,Verb
procurement,6,Noun
prod,6,Verb
prodigious,6,Adjective
prodigy,6,Noun
professional,6,Adjective
proffer,6,Verb
profitable,6,Adjective
profundity,6,Noun
progression,6,Noun
progressive,6,Adjective
prohibitive,6,Adjective
proliferate,6,Verb
proliferation,6,Noun
prolific,6,Adjective
prologue,6,Noun
prolong,6,Verb
prone,6,Adjective
pronounced,6,Adjective
propaganda,6,Noun
propagate,6,Verb
propensity,6,Noun
prophecy,6,Noun
prophesy,6,Verb
prophetic,6,Adjective
proponent,6,Noun
proportional,6,Adjective
proposition,6,Noun
proprietor,6,Noun
prosecute,6,Verb
prosecution,6,Noun
prospect,6,Noun
protagonist,6,Noun
protocol,6,Noun
prototype,6,Noun
protrude,6,Verb
provincial,6,Adjective
provision,6,Noun
provisional,6,Adjective
provocation,6,Noun
provocative,6,Adjective
proximate,6,Adjective
proximity,6,Noun
prudence,6,Noun
psychological,6,Adjective
publication,6,Noun
publicize,6,Verb
pulverize,6,Verb
punctuate,6,Verb
punctuation,6,Noun
pungent,6,Adjective
punitive,6,Adjective
purge,6,Verb
purification,6,Noun
purposeful,6,Adjective
putrid,6,Adjective
qualification,6,Noun
qualified,6,Adjective
qualitative,6,Adjective
quantify,6,Verb
quantitative,6,Adjective
quarrelsome,6,Adjective
quartet,6,Noun
quash,6,Verb
quell,6,Verb
query,6,Noun
questionable,6,Adjective
questionnaire,6,Noun
quota,6,Noun
radiate,6,Verb
radical,6,Adjective
rambling,6,Adjective
ramification,6,Noun
rampant,6,Adjective
rampart,6,Noun
rancid,6,Adjective
ransack,6,Verb
rash,6,Adjective
ratification,6,Noun
ratify,6,Verb
rationale,6,Noun
rationalize,6,Verb
raucous,6,Adjective
ravage,6,Noun
realization,6,Noun
realm,6,Noun
reap,6,Verb
reassurance,6,Noun
reassure,6,Verb
rebuke,6,Noun
rebut,6,Verb
recede,6,Verb
receptive,6,Adjective
reciprocal,6,Adjective
reciprocate,6,Verb
reciprocity,6,Noun
recital,6,Noun
reckoning,6,Noun
reclaim,6,Verb
reclusive,6,Adjective
recoil,6,Verb
reconstruct,6,Verb
recount,6,Verb
recreation,6,Noun
recruitment,6,Noun
rectify,6,Verb
recur,6,Verb
recurrence,6,Noun
recurrent,6,Adjective
redeem,6,Verb
redemption,6,Noun
redress,6,Verb
reduction,6,Noun
redundancy,6,Noun
redundant,6,Adjective
reference,6,Noun
referendum,6,Noun
refine,6,Verb
refinement,6,Noun
reflective,6,Adjective
refraction,6,Noun
refreshing,6,Adjective
refuel,6,Verb
refurbish,6,Verb
refutation,6,Noun
refute,6,Verb
regal,6,Adjective
regenerate,6,Verb
regiment,6,Noun
regional,6,Adjective
regress,6,Verb
regression,6,Noun
regrettable,6,Adjective
rehabilitate,6,Verb
rehabilitation,6,Noun
reimburse,6,Verb
reinforcement,6,Noun
reinstate,6,Verb
reiterate,6,Verb
rejuvenate,6,Verb
rejuvenation,6,Noun
relapse,6,Noun
relativity,6,Noun
relay,6,Verb
relegate,6,Verb
relent,6,Verb
relinquish,6,Verb
relish,6,Verb
relocate,6,Verb
relocation,6,Noun
remainder,6,Noun
remedial,6,Adjective
reminiscence,6,Noun
reminiscent,6,Adjective
remit,6,Verb
remorse,6,Noun
remorseful,6,Adjective
removal,6,Noun
renaissance,6,Noun
rendezvous,6,Noun
renovate,6,Verb
renovation,6,Noun
renown,6,Noun
renowned,6,Adjective
repatriate,6,Verb
repeal,6,Verb
repentant,6,Adjective
repercussion,6,Noun
repertoire,6,Noun
repetition,6,Noun
repetitive,6,Adjective
replenish,6,Verb
replete,6,Adjective
replica,6,Noun
replicate,6,Verb
reprehensible,6,Adjective
repress,6,Verb
repressive,6,Adjective
reprieve,6,Noun
reprimand,6,Noun
reprisal,6,Noun
reproachful,6,Adjective
reproduce,6,Verb
repudiate,6,Verb
repugnant,6,Adjective
repulse,6,Verb
repulsion,6,Noun
reputable,6,Adjective
rescind,6,Verb
resentment,6,Noun
residence,6,Noun
residue,6,Noun
resilience,6,Noun
resistant,6,Adjective
resolute,6,Adjective
resonance,6,Noun
resonant,6,Adjective
resonate,6,Verb
resound,6,Verb
respectful,6,Adjective
respite,6,Noun
resplendent,6,Adjective
responsive,6,Adjective
restitution,6,Noun
restoration,6,Noun
restrained,6,Adjective
restrictive,6,Adjective
resurgence,6,Noun
resurgent,6,Adjective
resurrect,6,Verb
resurrection,6,Noun
resuscitate,6,Verb
retaliate,6,Verb
retaliation,6,Noun
retention,6,Noun
retract,6,Verb
retribution,6,Noun
retrieval,6,Noun
retroactive,6,Adjective
retrospect,6,Noun
revamp,6,Verb
revealing,6,Adjective
revel,6,Verb
revenue,6,Noun
reverence,6,Noun
reversal,6,Noun
revert,6,Verb
revile,6,Verb
revision,6,Noun
revitalize,6,Verb
revival,6,Noun
revocation,6,Noun
revoke,6,Verb
revolutionize,6,Verb
rhetoric,6,Noun
rhetorical,6,Adjective
ridicule,6,Verb
ridiculous,6,Adjective
righteous,6,Adjective
righteousness,6,Noun
rigor,6,Noun
rotate,6,Verb
rotation,6,Noun
rotund,6,Adjective
rubble,6,Noun
rudiment,6,Noun
ruinous,6,Adjective
rupture,6,Noun
sabotage,6,Noun
sacrament,6,Noun
sage,6,Noun
salutation,6,Noun
salvage,6,Noun
sanctify,6,Verb
sanction,6,Noun
sanguine,6,Adjective
sanitation,6,Noun
sarcastic,6,Adjective
satire,6,Noun
satirical,6,Adjective
saturate,6,Verb
saturated,6,Adjective
saturation,6,Noun
savor,6,Verb
savory,6,Adjective
scaffold,6,Noun
scandal,6,Noun
scandalous,6,Adjective
scanty,6,Adjective
scathing,6,Adjective
scope,6,Noun
scrupulous,6,Adjective
secede,6,Verb
seclude,6,Verb
secluded,6,Adjective
seclusion,6,Noun
secondary,6,Adjective
secrecy,6,Noun
secretive,6,Adjective
sector,6,Noun
secular,6,Adjective
sedentary,6,Adjective
sediment,6,Noun
segment,6,Noun
segregate,6,Verb
segregation,6,Noun
seizure,6,Noun
semblance,6,Noun
seminar,6,Noun
senseless,6,Adjective
sensory,6,Adjective
sentiment,6,Noun
sentimental,6,Adjective
separation,6,Noun
sequel,6,Noun
sequential,6,Adjective
sequester,6,Verb
serenity,6,Noun
servile,6,Adjective
servitude,6,Noun
session,6,Noun
severance,6,Noun
severity,6,Noun
shoddy,6,Adjective
shrine,6,Noun
shroud,6,Verb
siege,6,Noun
simplistic,6,Adjective
simulate,6,Verb
simulation,6,Noun
sinister,6,Adjective
skepticism,6,Noun
smug,6,Adjective
sociable,6,Adjective
solace,6,Noun
solidarity,6,Noun
solidify,6,Verb
solitary,6,Adjective
soothing,6,Adjective
sordid,6,Adjective
sovereignty,6,Noun
spectrum,6,Noun
speculation,6,Noun
speculative,6,Adjective
spirited,6,Adjective
spiteful,6,Adjective
splendor,6,Noun
spontaneity,6,Noun
sporadic,6,Adjective
spurn,6,Verb
stabilize,6,Verb
stagnant,6,Adjective
stagnate,6,Verb
stagnation,6,Noun
stalwart,6,Adjective
standstill,6,Noun
stark,6,Adjective
static,6,Adjective
statuesque,6,Adjective
stature,6,Noun
status,6,Noun
statute,6,Noun
stealthy,6,Adjective
stellar,6,Adjective
stifling,6,Adjective
stimulant,6,Noun
stimulating,6,Adjective
stimulation,6,Noun
stipulate,6,Verb
stipulation,6,Noun
stoic,6,Adjective
stout,6,Adjective
strident,6,Adjective
strife,6,Noun
stringent,6,Adjective
stronghold,6,Noun
structural,6,Adjective
studious,6,Adjective
subdivide,6,Verb
subdivision,6,Noun
subdue,6,Verb
subjection,6,Noun
subjective,6,Adjective
subjugate,6,Verb
sublime,6,Adjective
submissive,6,Adjective
subsidize,6,Verb
subsidy,6,Noun
substantiate,6,Verb
substantive,6,Adjective
substitution,6,Noun
subtract,6,Verb
subversive,6,Adjective
subvert,6,Verb
successive,6,Adjective
succinct,6,Adjective
succumb,6,Verb
suffrage,6,Noun
suffuse,6,Verb
summit,6,Noun
summons,6,Noun
superfluous,6,Adjective
superlative,6,Adjective
supersede,6,Verb
supplant,6,Verb
supplementary,6,Adjective
suppression,6,Noun
supremacy,6,Noun
surmise,6,Verb
surmount,6,Verb
surreal,6,Adjective
surveillance,6,Noun
susceptibility,6,Noun
susceptible,6,Adjective
suspension,6,Noun
sustenance,6,Noun
swelter,6,Verb
symbolic,6,Adjective
symmetrical,6,Adjective
symmetry,6,Noun
symposium,6,Noun
synchronize,6,Verb
syndicate,6,Noun
synonymous,6,Adjective
synopsis,6,Noun
synthesize,6,Verb
synthetic,6,Adjective
tabulate,6,Verb
tacit,6,Adjective
tactful,6,Adjective
tactical,6,Adjective
tactile,6,Adjective
tally,6,Verb
tangent,6,Noun
tangible,6,Adjective
tantalize,6,Verb
tantalizing,6,Adjective
tapestry,6,Noun
tarnish,6,Verb
tasteful,6,Adjective
taunt,6,Verb
technicality,6,Noun
technology,6,Noun
temperament,6,Noun
temperamental,6,Adjective
temperate,6,Adjective
tempest,6,Noun
temporal,6,Adjective
tenable,6,Adjective
tenacious,6,Adjective
tentative,6,Adjective
tenuous,6,Adjective
tenure,6,Noun
terminal,6,Adjective
terminology,6,Noun
terrain,6,Noun
terrestrial,6,Adjective
terrify,6,Verb
theology,6,Noun
theorem,6,Noun
theoretical,6,Adjective
therapy,6,Noun
thesis,6,Noun
threadbare,6,Adjective
thrift,6,Noun
thriving,6,Adjective
thwart,6,Verb
timely,6,Adjective
tiresome,6,Adjective
toll,6,Noun
toxic,6,Adjective
tractable,6,Adjective
traditional,6,Adjective
trajectory,6,Noun
trample,6,Verb
tranquility,6,Noun
transcend,6,Verb
transcribe,6,Verb
transcript,6,Noun
transformation,6,Noun
transgress,6,Verb
transgression,6,Noun
transient,6,Adjective
transitory,6,Adjective
translation,6,Noun
transmission,6,Noun
transparency,6,Noun
transpire,6,Verb
transplant,6,Noun
traverse,6,Verb
treachery,6,Noun
trespass,6,Noun
tribunal,6,Noun
tribute,6,Noun
trifling,6,Adjective
trigger,6,Verb
trilogy,6,Noun
trite,6,Adjective
triumphant,6,Adjective
trivia,6,Noun
tropical,6,Adjective
truncate,6,Verb
truthful,6,Adjective
tumultuous,6,Adjective
turbulence,6,Noun
tyrannical,6,Adjective
ubiquitous,6,Adjective
ultimatum,6,Noun
unanimity,6,Noun
unassuming,6,Adjective
unavoidable,6,Adjective
unbiased,6,Adjective
uncanny,6,Adjective
unceasing,6,Adjective
uncompromising,6,Adjective
unconditional,6,Adjective
unconventional,6,Adjective
uncouth,6,Adjective
undaunted,6,Adjective
undeniable,6,Adjective
underlying,6,Adjective
undermine,6,Verb
underscore,6,Verb
understate,6,Verb
undisputed,6,Adjective
undulate,6,Verb
unearth,6,Verb
unequivocal,6,Adjective
unethical,6,Adjective
uneven,6,Adjective
unfailing,6,Adjective
unfit,6,Adjective
unforeseen,6,Adjective
unfounded,6,Adjective
unification,6,Noun
unified,6,Adjective
uniformity,6,Noun
unilateral,6,Adjective
unintelligible,6,Adjective
uninterrupted,6,Adjective
unity,6,Noun
unkempt,6,Adjective
unlawful,6,Adjective
unmistakable,6,Adjective
unnatural,6,Adjective
unobtrusive,6,Adjective
unorthodox,6,Adjective
unparalleled,6,Adjective
unpopular,6,Adjective
unprecedented,6,Adjective
unprincipled,6,Adjective
unproductive,6,Adjective
unprofitable,6,Adjective
unqualified,6,Adjective
unquestionable,6,Adjective
unrealistic,6,Adjective
unrelenting,6,Adjective
unremitting,6,Adjective
unresolved,6,Adjective
unrestrained,6,Adjective
unsavory,6,Adjective
unscathed,6,Adjective
unscrupulous,6,Adjective
unseemly,6,Adjective
unselfish,6,Adjective
unsettle,6,Verb
unsightly,6,Adjective
unskilled,6,Adjective
unsociable,6,Adjective
unsophisticated,6,Adjective
unsound,6,Adjective
unspeakable,6,Adjective
unsteady,6,Adjective
unsuccessful,6,Adjective
unsuitable,6,Adjective
unsung,6,Adjective
unsuspecting,6,Adjective
unsympathetic,6,Adjective
untamed,6,Adjective
untenable,6,Adjective
unthinkable,6,Adjective
untimely,6,Adjective
untiring,6,Adjective
untrustworthy,6,Adjective
unwarranted,6,Adjective
unwavering,6,Adjective
unwelcome,6,Adjective
unwholesome,6,Adjective
unwieldy,6,Adjective
unwilling,6,Adjective
unwise,6,Adjective
unwitting,6,Adjective
unworthy,6,Adjective
unyielding,6,Adjective
upheaval,6,Noun
uprising,6,Noun
uproarious,6,Adjective
uproot,6,Verb
usurp,6,Verb
utilitarian,6,Adjective
utmost,6,Adjective
utterance,6,Noun
vacate,6,Verb
vacuum,6,Noun
vagrant,6,Adjective
valid,6,Adjective
validate,6,Verb
validity,6,Noun
vanity,6,Noun
vanquish,6,Verb
vapor,6,Noun
vaporize,6,Verb
variable,6,Adjective
vehemence,6,Noun
velocity,6,Noun
vendetta,6,Noun
venerate,6,Verb
veneration,6,Noun
venomous,6,Adjective
ventilate,6,Verb
verge,6,Noun
veritable,6,Adjective
versatility,6,Noun
vertical,6,Adjective
vessel,6,Noun
veto,6,Noun
vex,6,Verb
viable,6,Adjective
vicarious,6,Adjective
vicinity,6,Noun
victimize,6,Verb
victor,6,Noun
vie,6,Verb
vigilance,6,Noun
vigilant,6,Adjective
vile,6,Adjective
vilify,6,Verb
vindicate,6,Verb
vindication,6,Noun
vindictive,6,Adjective
virtual,6,Adjective
virulent,6,Adjective
virus,6,Noun
visionary,6,Adjective
vista,6,Noun
vivacious,6,Adjective
vocabulary,6,Noun
vocalize,6,Verb
void,6,Adjective
volatile,6,Adjective
volatility,6,Noun
volition,6,Noun
voltage,6,Noun
voluminous,6,Adjective
voracious,6,Adjective
vortex,6,Noun
vouch,6,Verb
vulgar,6,Adjective
vulnerability,6,Noun
wandering,6,Adjective
warlike,6,Adjective
warranted,6,Adjective
waver,6,Verb
wavering,6,Adjective
wilderness,6,Noun
willful,6,Adjective
wiry,6,Adjective
wistful,6,Adjective
withdrawal,6,Noun
withering,6,Adjective
woeful,6,Adjective
worldly,6,Adjective
wrangle,6,Verb
wrathful,6,Adjective
wrench,6,Verb
zenith,6,Noun
zone,6,Noun
